player_id,selection
2064,1
7512,0
7110,1
3239,0
1777,0
6814,0
4548,1
3651,1
4409,0
2416,0
1543,0
5003,0
7134,1
4514,0
6460,1
5783,0
5254,0
5334,1
2867,0
3362,1
804,0
3500,0
5862,0
303,0
4241,0
9083,1
6067,1
2937,0
7439,0
8153,1
68,1
958,0
9315,1
2088,1
716,0
4673,0
622,1
824,1
5126,1
1212,0
1341,1
1681,1
8650,0
5020,0
3412,1
3003,1
7260,0
8456,0
768,1
1135,0
417,0
6219,0
624,1
2262,0
2348,0
1945,0
5790,1
1826,1
1418,0
7405,1
8109,1
4494,1
3102,1
7457,0
3068,0
4202,1
494,0
1179,0
9224,0
2454,1
5676,0
4788,1
9194,1
4033,0
8537,1
7380,0
5798,0
1201,0
7450,1
2055,1
8026,0
1839,1
2355,1
8507,1
8286,0
6992,0
9030,1
7970,1
4889,0
1296,0
8336,1
6085,0
6497,1
8459,1
7301,0
5643,1
7504,0
3676,0
1226,1
5914,0
6192,1
2976,0
7859,1
3862,0
1317,0
3138,0
4208,1
8323,0
1784,1
4843,1
1307,0
6062,1
3147,0
1995,0
7019,0
305,0
7414,0
7525,1
1131,0
8610,0
9043,0
75,0
7959,1
563,0
5388,1
8074,1
2077,1
7056,0
6112,1
2114,0
6010,0
2824,1
2619,1
4230,1
4860,1
1511,1
4674,0
6414,0
9072,1
2897,0
2275,0
2123,0
6060,1
8302,0
2011,1
2374,1
8854,0
7658,1
8207,1
1088,0
1518,0
9056,1
6946,0
6958,1
4913,1
2363,1
1987,1
8069,1
5410,0
8478,1
3397,1
3051,1
2817,0
2585,1
2558,1
2827,0
9233,1
9109,1
2941,1
7623,0
4861,0
1753,1
8865,0
3544,0
6878,1
1471,0
4038,0
7973,0
290,0
7605,1
4568,1
8950,1
4871,1
4332,0
7785,1
5092,0
5586,1
999,0
3484,0
1073,0
3356,1
9025,1
5730,0
3297,1
1038,1
382,0
2208,1
4978,1
473,1
8885,0
1965,0
4167,1
2444,1
7809,0
4697,0
1740,0
8394,1
1160,0
2781,1
3189,1
3590,1
7336,1
18,0
8500,0
5307,1
147,1
3976,1
7308,1
8020,1
347,1
8789,0
7254,0
9186,1
5909,0
378,1
6785,1
8957,1
3785,1
5882,1
5525,1
1397,0
2604,0
7053,1
4546,0
7885,1
5387,1
5233,0
106,0
7938,1
3792,0
7434,0
4484,0
5287,1
4593,0
9312,1
8467,0
5854,1
4213,0
969,1
2915,1
7313,1
1262,1
2328,1
5593,1
6255,0
3460,1
1575,0
5631,1
7296,1
951,1
1829,1
3117,0
5975,0
9071,1
6607,0
1254,1
2749,1
9146,1
865,0
9123,1
3672,1
2930,0
8736,0
6796,0
9097,0
7062,0
2986,1
2484,0
6349,1
4649,0
9127,1
5514,0
8409,1
1469,1
3010,1
3198,0
3015,1
3566,1
5552,0
3538,0
3609,0
5294,1
6779,1
8645,1
1708,1
1640,1
1070,0
8631,0
1704,0
455,1
6573,1
5422,0
766,0
6907,0
6125,1
8612,1
5377,1
5,0
1390,1
3260,0
3823,1
3483,0
1583,1
3301,0
4195,1
7318,1
578,1
5918,0
4774,0
8975,0
1113,1
7018,1
2175,1
6426,1
6537,1
5301,1
4412,0
396,1
3399,1
2228,0
7154,1
2713,0
6215,0
3595,1
5303,1
7822,0
2720,0
1875,0
5757,0
6651,1
6834,0
8115,0
1756,0
1590,1
7268,0
984,1
5777,0
7196,1
4435,1
5625,0
9076,0
8672,1
6840,0
5544,0
6799,0
511,1
3979,0
4000,0
8429,1
170,0
7537,0
8636,1
2533,0
6041,0
1587,1
4144,1
966,1
1243,0
4778,1
4614,1
2999,1
7734,1
5859,1
8946,1
770,1
7688,0
5624,0
2920,0
237,1
537,1
806,1
234,1
1589,1
9178,1
6546,1
485,1
7088,0
8266,0
893,1
8878,0
2711,0
1345,0
917,1
1723,0
9220,1
4543,1
2464,1
3066,1
4087,1
634,0
1889,1
4848,0
8868,1
2972,1
4357,1
2323,1
1314,1
6276,1
7090,1
8166,1
4600,0
5905,1
3176,1
4865,0
2455,0
2311,1
8898,0
2886,1
1337,0
1976,1
6986,0
1632,0
7908,0
4069,0
8144,1
3748,1
6435,1
7146,1
408,1
8340,1
4220,0
4135,1
1545,1
8382,1
3515,1
5040,0
2249,1
3427,0
7844,1
6704,1
8513,1
835,0
4331,1
5043,0
6978,1
7966,0
7511,1
4636,0
5401,1
3620,0
9269,1
6880,1
7423,1
8976,1
3826,0
8151,0
5732,0
357,1
7415,0
2122,1
7351,0
7732,1
9255,1
7477,1
4,1
6967,0
7798,1
551,0
9192,1
7918,1
3514,0
8256,1
313,1
8208,1
2290,1
4020,0
2590,0
2998,0
198,0
9251,1
8771,1
3054,0
8046,0
3363,1
4911,1
898,0
3357,1
7202,1
7264,1
5528,1
2706,1
6246,0
8505,1
2577,0
5406,0
4022,0
338,0
2782,0
3,1
3541,1
4029,1
9302,0
1986,0
5166,0
43,0
92,0
967,0
122,1
6106,0
6493,1
6455,1
6694,0
4311,0
2194,1
3174,1
2409,1
5163,0
5376,0
2950,1
8258,0
2364,1
4574,1
3996,1
7819,0
8466,0
4729,0
340,0
1096,1
8245,0
5695,0
7190,1
5821,1
4161,0
6152,1
8622,1
2507,0
8541,0
2182,1
5275,1
7514,1
5717,1
7030,1
6197,0
9299,0
8704,1
6496,0
3755,1
3633,1
5871,0
7008,1
4051,0
7505,1
2023,1
2901,1
7243,0
8574,0
4066,0
1916,0
8206,1
2325,1
6824,1
4855,0
5362,0
1025,1
7874,0
8802,1
2441,0
404,0
1021,0
2861,1
3219,0
259,0
4499,1
8799,0
7754,0
2431,0
7390,0
5488,0
3130,0
5366,1
7082,1
4605,1
7521,1
3775,1
6111,1
6684,0
873,0
7316,0
251,1
3413,1
7838,1
6208,0
6297,0
322,0
2164,0
2442,0
1808,0
5009,1
7577,1
393,0
6870,1
4141,1
6762,1
2594,1
3331,0
7345,1
1663,1
323,1
631,1
7638,0
3272,1
5793,0
7802,0
5121,1
4675,1
7391,1
682,1
3287,1
3708,0
5669,1
2680,1
5247,1
8642,1
3169,1
3638,1
7720,0
3699,0
3849,1
2966,1
6021,1
8370,0
1399,1
3273,1
161,0
7168,1
3040,1
576,0
4049,1
8670,0
2318,0
4772,0
9153,0
8902,1
4189,0
5636,0
6438,1
5566,1
4827,0
8638,1
4909,1
688,1
8439,1
2708,1
6871,1
1748,1
49,1
9045,0
2007,0
9133,0
392,0
8800,0
2776,1
7412,1
2129,1
1364,0
8192,1
3892,1
4981,1
6347,1
1972,1
5231,1
3094,1
1776,1
7965,1
523,1
4572,0
2285,1
7355,0
5142,0
693,1
2588,0
6049,0
8718,1
3510,1
5435,1
3008,0
4980,0
1489,1
5789,1
3534,1
4492,1
2654,0
4912,0
6980,0
4796,0
5563,1
3582,1
1546,0
1664,1
8639,0
6597,1
9061,0
9154,1
4577,1
531,0
7768,0
5838,0
3025,0
3405,1
6240,0
255,0
5554,1
3453,1
9265,0
232,0
6968,1
5518,1
6687,0
2034,1
1040,0
4705,1
7792,0
7522,0
8903,1
3061,0
346,0
7445,1
5210,0
5638,0
8100,1
3366,1
1985,1
3726,0
2659,1
8066,0
1445,1
3109,0
5431,1
7749,1
1105,1
2994,1
1279,1
2747,1
4340,1
9268,1
8008,0
5263,0
6383,1
1690,0
2767,0
6507,0
4121,0
775,0
1780,0
8117,0
5123,1
6048,0
2324,0
3922,0
971,1
1202,1
4371,1
7306,1
2896,1
83,0
2490,1
5112,0
7354,1
4389,1
3268,0
5373,1
2048,0
7311,1
4858,0
374,0
6159,0
5382,0
996,1
8656,0
5772,1
3207,1
7006,1
8814,1
4508,1
2383,0
4420,0
7924,1
2962,1
5898,1
8011,0
7533,0
8828,0
1749,0
6631,0
9059,1
330,0
1747,0
728,0
1407,1
5046,0
1224,1
3617,1
5960,0
5333,1
7849,1
2688,1
2200,1
4125,1
598,0
7875,0
8287,1
7992,0
7091,1
8901,0
1208,1
7270,0
3611,0
1553,1
4919,1
4044,1
4306,0
1578,1
7529,0
2752,0
4246,1
1616,0
9307,1
2278,1
8632,1
1879,1
1696,0
4704,1
5007,1
8038,1
2814,0
771,0
3802,0
5929,1
9253,0
3980,1
7042,1
4185,0
6905,1
1852,0
8817,1
3165,0
3814,0
690,1
3995,1
2812,0
8894,0
6011,1
287,1
3787,0
7252,1
2601,1
9026,0
1373,1
8932,1
2847,1
2587,1
7663,1
8770,1
621,0
2045,1
8250,0
2058,1
2802,1
5915,0
1866,1
2136,0
4996,1
6050,1
1857,1
8240,1
6713,1
5025,0
3753,1
6798,1
8362,0
4108,0
4866,0
144,0
8311,0
411,0
5359,0
8470,0
4424,1
3233,0
7870,1
7619,1
4891,1
1318,0
3187,1
7263,0
1385,0
681,1
8728,1
7447,1
3411,1
4821,0
7009,0
1064,1
3328,0
3558,1
8327,1
3441,1
5967,1
8499,1
2013,1
3720,0
2981,0
6787,1
8269,1
6071,0
5940,0
1712,1
2641,0
7544,1
2754,1
7348,1
386,0
6605,1
3663,0
1339,1
6851,1
3229,0
3625,0
398,0
6773,1
1046,1
158,0
5058,1
8113,1
3964,0
7495,1
6377,0
3835,1
737,1
8335,0
599,0
1033,1
4343,0
6361,1
3458,1
7223,0
5408,1
3163,1
5715,1
1928,1
8762,0
6752,0
6583,1
1002,0
3584,1
1907,0
5117,0
1076,1
7129,1
4163,1
7362,1
2493,1
5082,0
6895,0
7130,1
8755,0
4440,1
6760,0
7386,0
2532,0
5277,1
2719,1
7721,1
8646,1
3747,1
5722,0
7097,0
2875,1
990,1
1882,1
9008,0
3768,1
1158,0
115,1
549,1
9234,1
6388,0
4403,0
3315,0
4667,0
8400,0
8390,0
3978,1
6178,1
0,1
477,0
5762,1
4752,1
8263,1
4946,1
1554,0
7538,0
1340,0
1018,0
3513,1
7582,1
3016,0
3403,1
3472,1
5089,0
6268,1
4009,0
1861,1
2620,0
2063,1
1014,1
3809,0
7326,1
5573,1
4965,0
1277,0
2127,1
6769,1
7083,1
4165,1
2958,0
3886,0
3226,1
223,1
5666,1
8996,1
5180,1
916,1
5984,0
6919,1
8406,0
9260,1
5697,0
890,1
5110,0
987,1
3717,1
7453,0
5146,1
9247,1
9094,0
7124,1
7564,1
2830,0
4059,1
7425,1
8926,1
9221,0
8533,0
7307,1
430,1
6352,0
3532,0
3375,1
6123,1
2799,1
4294,0
7841,0
2296,0
8196,0
4471,1
1282,0
5424,0
4782,1
9202,1
73,1
6927,1
4805,0
8589,1
108,1
7108,1
1799,0
846,1
8498,0
9107,0
8461,0
8651,0
120,0
5908,0
1984,0
7387,0
2468,0
9317,1
6962,0
8221,1
6726,0
1823,0
6989,1
8339,0
2415,0
1410,0
1374,1
7163,1
583,1
4822,0
2853,0
4801,1
3235,1
4925,1
37,0
864,1
725,1
6589,1
7373,1
5753,1
2955,1
3603,1
5500,0
4992,0
8515,1
4989,0
5911,1
4454,1
1062,1
724,1
5479,1
2959,0
1233,0
1404,0
1842,0
5765,0
8089,0
8602,0
7507,1
1885,0
810,1
4468,0
4728,0
2968,1
5346,1
399,1
6411,0
5100,0
3255,1
1727,1
7208,0
3783,1
6158,1
816,1
2361,1
8173,1
7731,0
8303,1
8625,1
4591,1
2138,1
6700,0
465,0
5845,1
680,0
6003,1
215,1
8025,0
6392,0
5647,1
3086,1
1716,1
2690,1
4312,1
8911,0
9101,0
7852,1
7855,0
3929,0
8838,0
1627,1
9211,1
7594,1
8120,1
3335,1
784,0
5977,1
561,0
3069,0
3327,0
2929,1
3648,1
3173,1
5370,1
4770,1
2433,0
9142,1
7953,1
6472,0
9329,0
1092,1
4451,1
3194,1
942,1
2102,0
8861,1
471,1
3712,0
1694,0
5825,0
6333,0
2109,0
5375,0
5589,0
4633,1
8978,1
5686,1
2340,0
3046,1
5934,1
2392,0
1774,1
1220,0
4916,0
1915,0
285,0
8447,0
8114,1
8897,0
1934,1
3575,0
6920,0
3602,1
6402,0
6365,0
7353,1
6993,1
1496,0
1565,1
2790,1
2704,0
6259,0
3944,0
5567,1
1251,1
2245,0
6529,0
3701,1
1628,0
871,0
674,0
5080,1
1283,0
6167,0
5705,1
5328,1
2332,1
1711,1
319,1
2544,0
2893,1
4776,0
58,0
167,0
7520,0
2857,1
9281,1
8643,1
2494,1
3756,0
2413,1
2462,1
2549,0
1101,0
5660,1
315,1
6922,0
3795,0
2112,1
3099,0
5442,0
5932,1
6860,1
2740,1
5748,1
6831,1
841,0
2599,0
5065,0
5661,1
1611,1
3528,1
291,1
2076,1
174,0
6506,1
6247,1
3958,0
6859,1
950,0
82,1
7506,1
5903,1
3466,1
929,0
1355,1
8832,0
2860,1
474,1
7905,0
3790,1
9297,0
5535,1
972,1
4677,0
4622,0
1758,0
8603,0
5616,1
3855,0
4136,0
1737,1
3290,0
4333,1
3754,1
3409,0
5243,1
7753,1
777,1
7331,1
6735,1
2128,1
560,0
3473,1
2008,1
2888,0
5015,0
9210,0
5466,0
1944,0
5027,1
2100,1
1295,0
1204,1
6943,1
6686,1
3164,0
5962,1
3997,1
3869,0
3772,0
3553,1
1408,1
467,0
2083,0
7037,0
6714,0
6136,1
5901,1
5391,0
8195,1
7607,1
8599,1
5455,0
1671,0
6143,1
4941,1
5336,1
7896,0
5827,0
7426,0
8218,0
1902,0
4236,0
7718,1
7733,1
7581,1
5030,1
6133,1
3848,1
4302,1
1217,1
8262,0
2608,1
7035,1
7760,1
2487,0
1991,1
3132,1
5804,0
7632,0
2295,1
8043,0
7329,1
309,1
484,1
6856,1
4245,1
765,1
2342,0
8281,1
8078,0
5678,1
2475,1
3758,0
6428,0
8666,1
7419,1
2214,1
5834,0
1342,0
220,1
5385,1
6459,1
8106,1
1054,0
3623,1
7652,0
6710,1
2978,1
6797,0
8954,1
7039,0
258,0
7346,1
3188,0
878,0
1805,0
4893,1
4180,1
7159,1
8006,0
214,1
8785,0
906,1
7432,0
5570,1
3509,0
2935,0
2279,1
8848,0
5349,1
2132,1
8510,1
900,1
7055,0
7021,1
1797,1
9140,0
2086,1
7531,1
7974,1
2692,0
1475,0
6285,1
5990,1
2524,0
8698,1
3668,1
7173,0
4956,1
2768,0
7099,1
4157,1
456,1
6934,0
7352,1
1464,1
4617,1
3810,1
7410,0
5711,0
8922,1
4490,0
3036,1
8703,0
832,0
1167,1
6881,1
5560,0
7825,0
5124,0
5778,1
7540,1
2010,1
3612,1
206,1
6107,1
1741,1
6051,0
3631,1
8490,0
4114,0
3807,0
964,1
324,1
1509,1
4606,0
801,0
2882,1
9185,0
7692,1
8098,1
5154,1
3796,0
2419,0
8171,1
521,0
4625,1
2432,1
4794,0
7473,1
4780,1
6100,1
5190,1
5310,0
611,1
3798,0
9304,1
2811,1
2715,0
59,0
5255,0
9230,1
2429,1
5259,1
4653,1
6711,0
7630,1
6436,0
1568,1
3939,1
5196,0
3597,0
943,1
2674,1
7061,1
8388,1
88,1
6372,0
7773,1
6233,1
1999,1
7086,1
7567,1
3261,0
226,1
8049,1
5587,1
6692,1
6351,0
3241,0
4436,1
2973,1
4905,1
2022,1
4111,1
8184,1
2762,1
397,1
433,0
5837,0
410,0
8791,0
7107,1
2616,1
8462,1
5295,1
8272,1
3704,0
6957,0
2697,1
7654,1
8712,1
9259,0
8234,1
1742,1
921,1
4616,1
1535,1
4387,1
2482,1
1281,1
8183,0
1003,1
1244,0
4359,0
4223,0
2518,0
1041,1
3727,1
7804,1
9239,0
1144,0
7397,0
7643,1
1287,1
187,0
8705,1
6039,1
7118,1
5412,0
5986,0
3075,1
9038,1
4206,1
1005,1
5956,0
7214,1
3705,0
7203,0
7893,0
2623,0
4345,1
1129,1
4550,1
6913,1
2521,0
1513,0
6703,0
3615,1
7724,1
4199,1
1851,0
7075,1
284,1
2062,1
977,0
6304,1
6099,0
5323,0
8881,0
5029,1
5061,1
5522,1
4301,1
875,0
3662,1
329,1
7126,1
4590,1
8748,1
9099,0
2369,0
5197,0
8363,1
459,1
6452,0
6699,0
6177,1
7052,1
9172,1
8186,0
3452,1
4885,1
6862,0
2758,0
7010,1
3246,0
3084,1
1564,1
8691,1
8217,1
4178,1
5426,1
1431,1
3671,1
5742,0
1477,0
3806,1
6961,1
131,0
7772,1
9067,1
7755,0
2035,1
3632,1
4903,0
6027,1
4026,1
1265,0
7170,0
6265,1
2049,0
5808,1
8588,1
8754,0
1925,1
6160,1
2126,0
3199,1
9009,0
5718,1
3506,1
7862,0
8055,0
8404,0
4408,1
2984,0
7359,0
6155,0
5269,1
9051,0
5453,0
6730,1
8282,1
8152,0
741,1
2649,0
8185,1
1459,1
6317,1
4630,0
3914,0
5050,0
2905,1
2152,1
3938,0
3142,1
5635,0
332,0
2617,0
1615,0
2284,0
8671,1
3254,1
8379,0
9012,1
6113,1
5526,0
6110,1
418,1
2473,1
7194,1
974,0
615,1
6474,1
3923,0
1622,1
3321,1
3527,1
4272,1
5302,0
5883,1
435,0
8886,1
4588,1
4404,0
64,0
1908,1
1697,1
888,0
2426,0
7424,0
3992,0
6518,1
6642,1
7797,1
2687,1
8495,1
6991,1
4358,0
3731,1
6486,0
6548,1
85,0
1146,0
4402,0
8849,0
6296,1
8018,1
6210,1
3443,1
9311,1
2809,1
2435,0
1053,1
78,1
1143,1
7532,1
3056,1
744,1
7371,1
4940,1
1258,1
1981,1
3640,0
2440,1
2693,1
6930,0
518,1
1610,1
4641,1
3690,0
6307,1
5740,1
4846,1
8825,0
527,1
5054,1
5665,0
7413,0
4221,1
6148,0
426,1
7238,1
1679,0
3687,0
758,1
6034,0
480,1
1379,1
7526,1
1103,1
8506,0
40,0
2916,0
7595,1
1856,1
24,1
7141,1
6179,1
6096,1
8188,1
69,0
2223,1
8349,1
3415,0
2144,1
7621,1
2303,1
6952,1
1975,0
1290,1
1911,0
3710,1
4988,1
4517,0
1358,1
7282,1
976,1
2932,1
1089,0
3881,0
6954,1
6622,1
1442,0
5720,0
9175,0
2991,0
4410,0
8235,0
7899,1
1820,1
7573,1
8925,0
5551,0
1180,0
5687,0
6938,1
822,0
9165,0
1443,1
8520,0
699,1
5737,0
7794,1
2640,0
7145,1
401,0
8418,1
8079,1
9212,0
127,1
169,0
1591,0
4683,0
8737,1
8421,1
3605,1
9179,1
490,1
2662,0
3419,1
5409,1
706,1
9080,1
8231,1
7569,1
1095,1
1119,1
2434,0
5244,0
6116,1
7261,0
254,1
3127,0
5267,0
2378,1
734,0
1607,1
3100,0
4726,0
6935,1
8107,0
2803,1
1775,1
3681,0
5863,0
2661,0
2372,0
5380,1
5240,1
4413,1
7786,1
4942,0
4835,1
3227,0
2818,1
5430,1
8681,1
754,0
9320,0
6709,0
2628,0
1623,1
2089,0
5201,1
6836,1
2656,0
7861,0
7369,0
366,0
427,1
1320,0
601,1
2450,1
6541,1
5663,1
8678,1
1689,1
4015,1
5912,0
3893,0
1047,1
1864,1
7535,1
3140,1
5558,0
7250,0
3410,1
9237,1
1859,1
1453,0
7468,0
2839,0
5429,0
449,0
1114,1
6446,1
1004,0
228,0
8108,1
379,1
4229,0
8477,1
1602,1
2124,1
326,1
311,1
2777,1
2140,1
5206,1
4047,1
3249,1
8930,1
403,1
5144,1
7892,0
4434,1
1391,1
2082,0
7762,0
5776,0
7686,1
4062,0
6018,1
5461,1
9033,1
8827,0
6047,1
8805,0
1362,0
4629,0
866,0
3601,0
8953,0
2066,1
1245,0
7486,0
3418,1
7131,1
2449,0
5425,0
4297,0
698,1
2551,1
7031,0
1649,1
4766,0
1388,1
3337,0
7530,0
1424,0
1828,0
8273,1
2923,1
1449,0
6574,1
2557,0
7137,1
8693,1
2134,1
1832,1
5906,1
7510,1
2246,0
2871,1
395,1
1253,0
8167,1
6299,1
6558,1
2125,0
4786,0
271,0
4441,0
2044,1
6151,1
8009,0
3973,1
6306,1
1726,0
4712,0
4747,1
345,0
2780,0
6821,1
3031,0
3424,1
2808,0
8351,1
805,0
8160,1
3899,1
3180,1
2170,1
4783,1
139,0
5836,0
3665,1
4619,1
1166,1
211,0
5034,0
8325,1
7033,1
8995,0
7186,0
128,0
7945,1
7761,1
7869,0
4878,1
7133,1
7401,1
2476,0
7989,0
3991,0
7155,0
8226,1
572,0
8174,1
1406,0
2705,0
4897,0
8985,0
4604,1
3310,1
5618,0
732,1
1211,1
9158,0
870,1
4378,0
3203,0
3989,1
8940,0
8197,1
2205,1
7140,1
7321,1
662,0
3723,1
1531,1
829,0
1637,1
4872,0
6211,0
2795,0
1221,1
8971,1
1544,1
2248,1
750,0
1284,1
4531,1
6519,1
222,1
508,0
8056,1
3718,1
4753,0
5452,0
3742,1
6290,0
3889,0
2187,1
6429,1
8156,1
89,1
2060,1
8629,0
4465,0
2750,1
180,1
2562,0
4743,0
6321,0
2037,1
5689,0
4561,0
3900,1
8943,0
3921,1
2349,0
6359,0
3745,0
1493,1
7050,0
6366,1
8549,1
5840,1
5122,0
7839,0
9171,1
1350,1
8928,0
4179,0
7667,1
4127,1
5483,1
3461,1
5184,1
6396,1
7293,0
7661,0
6481,0
5107,0
54,0
5177,1
3954,0
3909,0
380,0
9215,1
5225,0
3396,0
8866,1
7964,1
4761,1
8815,0
1192,1
6637,0
8927,0
8364,0
7824,0
6260,1
6921,1
3574,1
941,0
6784,0
4322,0
5619,1
5671,0
3988,0
4039,0
614,1
6668,0
5024,0
4781,1
4496,1
6675,0
5006,1
7857,0
4926,0
5612,1
212,1
5363,0
8154,1
7,1
1346,0
2771,1
8723,0
2895,0
2085,1
552,1
2910,0
8862,0
1450,0
8338,0
1084,1
2137,1
7674,0
1946,1
2188,1
4316,0
5064,0
3234,1
3635,1
8176,1
2329,1
7949,1
3832,0
3029,0
1821,1
496,0
4895,0
7976,0
8944,0
1384,0
2665,0
7217,1
3123,1
3275,0
394,0
4954,0
4579,0
4898,1
8492,1
6058,0
1680,1
5925,1
5701,0
897,1
5035,0
6463,1
45,1
1893,0
1573,0
8257,1
568,1
9147,1
3033,0
2668,0
6576,0
3253,1
4054,0
312,0
6209,0
1722,1
4918,1
1996,1
7482,1
594,0
341,1
3653,1
7000,0
1077,1
1315,0
7417,0
2568,1
2119,0
6846,0
8721,1
2216,1
1395,1
4330,0
8077,0
4564,0
851,1
7433,0
6375,1
1126,0
2600,1
6858,0
6656,0
6528,0
7955,1
4608,0
6180,0
861,1
8968,0
3519,0
4750,1
97,0
7393,1
8194,1
3076,0
6664,0
5472,0
7071,0
5037,0
3880,0
7759,1
3734,1
3577,0
7566,1
1186,1
8278,1
8777,0
2203,1
278,0
9014,0
3316,1
7977,0
4282,1
3487,0
1942,0
7622,0
6465,1
3044,0
2270,1
2425,1
5389,0
5108,1
4487,0
9168,1
9314,1
6888,1
5727,0
2309,0
1968,0
4379,0
4098,0
1527,1
9276,1
2253,1
2321,0
9152,1
4002,0
7539,0
8059,1
1762,0
2655,0
8593,0
2579,1
171,1
6183,1
5639,0
3146,0
6150,0
3303,1
8138,0
3926,0
2898,0
4280,1
3225,1
2560,1
9046,1
3085,0
5094,0
1125,1
8014,1
5261,1
6983,1
6214,1
2559,1
7374,1
4567,0
9058,1
1289,1
1163,0
7863,0
6977,0
761,0
2166,1
5130,0
6149,0
8319,0
7672,1
1955,0
4215,0
3916,0
6017,1
6910,1
1249,1
8959,0
546,1
9257,1
12,1
6869,1
3812,0
8907,0
4511,1
650,0
6252,1
3064,0
1914,1
8277,0
1148,0
4477,0
6282,1
748,0
5116,1
795,1
2635,1
4467,0
8431,1
2796,1
8590,1
1276,1
8393,0
4596,0
8048,0
5603,1
3743,1
7497,1
1149,1
25,1
1707,0
8410,1
8039,1
3404,1
4559,1
2451,1
2863,0
2514,0
5120,0
3764,1
7634,0
1948,1
1189,1
1151,1
4556,1
7498,0
7832,1
8127,1
94,0
2870,1
6241,0
5739,1
2099,1
4699,0
7883,0
6363,0
3516,0
4248,0
3700,1
6867,0
5991,0
1371,1
8896,1
6204,1
5208,0
7361,0
6267,1
6364,0
8981,1
1426,0
8346,1
4823,1
5726,1
8010,0
4870,0
4050,0
8102,0
5248,0
2103,1
4998,0
4507,1
9004,1
308,1
709,1
3749,1
7396,0
3179,0
5655,0
5873,0
1079,0
6339,1
6623,0
8949,0
8253,1
6117,1
8763,0
5980,0
4006,0
2908,1
6908,1
7558,1
6911,0
4678,1
2121,1
1872,1
4253,0
1155,0
3784,1
8155,0
9093,0
4225,0
6979,0
1206,0
3082,0
1943,1
6590,0
4580,0
314,0
4448,0
4012,1
53,1
8212,1
1012,0
3371,0
9006,1
6225,1
4628,0
3877,0
8752,1
2236,1
2928,1
2769,0
7249,1
7696,0
2358,0
7920,0
1595,1
7176,1
7800,0
3083,0
190,0
2609,0
3060,0
4979,0
6431,0
9039,0
3711,0
6981,0
4592,1
8955,1
567,0
5954,1
8563,0
5594,0
7475,0
2873,1
4100,0
142,1
282,1
3622,1
5944,0
2004,1
6555,1
6613,0
4785,0
8072,1
8727,1
4019,1
421,1
3702,0
1377,0
4964,0
6318,1
8053,1
3733,1
7300,0
84,1
7691,1
3052,1
6023,1
2918,0
1503,1
7668,1
4017,0
5212,1
5115,1
3172,0
6771,0
146,1
5784,1
7394,0
7752,0
1785,1
5608,0
636,0
4188,0
2189,0
7442,1
4401,0
4970,1
7059,0
6575,1
7406,1
8493,1
2670,0
8391,1
1191,0
3451,1
4497,0
8688,0
2801,1
7212,1
1102,1
2725,0
2031,1
2373,1
2951,0
6829,0
7700,1
6078,0
4757,0
7337,1
3450,1
7125,1
8568,1
6585,0
821,0
544,0
7996,0
8299,0
798,0
5444,1
6289,0
3098,1
708,0
420,0
431,1
5569,1
1559,1
1860,1
1035,1
1869,1
3831,1
536,0
7064,1
5584,0
9136,0
5523,0
5390,0
4398,0
5019,0
7546,0
7656,0
3894,1
1156,0
3824,1
6295,0
7783,0
2393,0
3934,1
2529,0
2988,0
1935,0
2095,1
6196,1
1037,1
5505,1
5293,1
2721,1
1293,1
4973,1
1618,0
8228,0
4882,0
2460,1
1045,1
4366,1
7225,0
7939,1
6549,0
3801,0
2150,1
4851,0
3269,0
8557,0
5900,1
2020,1
1050,1
5281,1
2263,0
5434,1
8067,1
5927,1
1770,1
5463,1
2815,0
2501,1
2610,1
802,1
6997,1
4825,1
2737,1
2477,0
7712,0
7647,1
8368,1
5288,0
2835,1
6281,1
8846,1
3354,1
4150,0
8264,1
2341,0
1997,1
4214,1
300,1
8560,1
4690,0
1952,0
5400,1
4268,1
4040,0
8984,0
831,1
8450,1
1363,1
8702,0
9188,1
3715,1
6323,1
2345,0
6040,0
6554,0
7218,1
4876,1
2627,0
5769,0
8967,0
4286,0
3006,1
5031,1
7167,0
2414,1
3063,1
727,1
3666,1
4381,0
5480,0
7561,1
27,0
1466,0
4746,1
1387,0
1082,1
574,0
2408,0
2548,0
2822,1
9208,1
383,1
8665,1
230,1
6207,0
4952,1
154,1
3947,1
7958,1
7820,0
1411,0
936,0
8734,1
195,1
1540,1
5418,0
2919,1
4057,1
8271,1
7286,1
1085,1
4013,0
5828,0
5394,0
6356,1
5832,1
6061,0
5764,0
2527,1
5999,0
7180,0
240,0
7624,1
7543,1
1652,1
3677,0
4352,1
5849,0
3646,0
5045,1
5800,1
4182,1
7257,1
2787,1
464,0
2816,1
4392,1
5756,0
304,0
5858,1
239,1
3467,0
8062,1
1479,1
3682,0
1731,1
1814,1
1429,0
6817,1
5474,1
5640,0
7319,1
8241,0
6508,0
2151,0
1768,0
1159,0
5549,1
3177,1
429,1
7328,0
7698,1
850,0
3678,1
3247,1
530,1
8150,1
1614,0
23,0
1367,0
8193,0
8875,1
7916,0
8091,1
8923,0
5118,0
6308,0
9049,1
5950,1
8064,0
4623,0
5747,0
372,1
3856,1
5599,0
2104,1
7281,1
4067,0
5347,1
342,1
3013,0
1134,1
221,0
3242,1
6480,0
5923,1
3445,1
2029,0
7012,1
3389,1
7811,1
4968,1
8180,1
2879,1
8618,1
8455,1
7501,0
2094,0
2625,1
1329,1
4273,0
7294,1
5125,0
7343,0
5360,0
440,1
3465,0
1588,1
5841,1
2729,0
4739,0
138,0
1310,1
6780,0
7456,0
4648,0
367,1
1630,0
2410,0
3843,1
8213,0
7135,1
6503,1
628,1
3365,1
1778,0
7597,0
6932,1
3248,0
6660,1
9183,1
6715,1
762,1
8508,1
7946,0
8743,0
7185,1
745,1
6625,1
7493,1
3469,1
3885,1
6440,0
1599,1
5672,0
1182,1
7618,0
7657,0
5848,0
1321,0
6679,0
7315,1
8860,1
2499,0
205,0
4530,1
6691,0
1150,0
8255,0
2580,1
8103,1
6565,0
4554,1
2362,1
6324,0
4023,1
3647,0
6772,0
5889,1
6464,0
4196,1
1427,1
4003,0
5527,1
2724,1
2878,1
3716,0
8128,0
6514,0
8556,1
1357,1
5451,0
2971,1
297,0
909,0
2825,1
6198,0
8116,0
4573,0
8405,1
1093,0
8383,0
1458,1
4323,1
4460,1
3540,1
4375,1
6422,1
8839,0
4134,1
9015,0
9295,1
7994,1
5407,0
6745,1
3393,1
8609,1
5245,0
1194,0
5187,1
3125,1
6542,0
8300,1
8867,1
5078,1
3329,0
4711,1
5460,0
6536,0
1549,0
2517,0
9243,1
6132,1
8655,1
7470,0
7474,0
3927,1
4382,1
7758,1
5775,0
8790,1
350,0
8509,0
4498,1
67,1
7881,1
3598,1
5063,0
29,0
8035,1
6904,0
5955,1
4482,1
7957,0
5499,1
6547,1
2683,0
2014,0
7701,0
7702,0
4515,1
2755,1
2024,0
881,0
5477,0
7751,1
2574,0
7789,0
203,1
1967,1
9199,0
4084,1
5831,0
1862,1
1962,0
4907,0
1644,1
469,1
1386,1
7411,0
5724,1
3613,1
104,0
8607,1
6949,0
6614,0
854,0
1971,1
5521,0
6652,1
4303,1
5223,1
5440,1
2872,1
9131,0
516,0
4474,1
887,1
4159,0
6777,1
2783,1
3438,1
3725,1
9053,1
3803,1
8715,1
3440,0
4557,0
7557,0
6803,1
3594,0
1499,1
6084,1
202,0
2036,0
4096,1
8028,1
2350,0
3118,0
5958,0
5316,1
2213,1
5074,1
6532,1
8668,0
7452,1
6064,1
2554,1
6792,0
1912,1
3942,0
8182,0
5079,1
8438,1
7284,0
1120,0
2422,0
5590,1
5256,0
6193,1
2388,1
2250,0
4833,1
7096,1
2791,1
5694,0
2133,1
7295,1
4314,1
7171,1
373,1
6395,1
8343,0
3890,0
3721,1
6485,1
5232,1
1609,1
5532,1
6044,1
3351,0
2975,0
5979,0
8637,1
4275,0
9235,1
5989,0
472,1
7699,0
2335,1
2667,0
5679,1
1933,1
1465,1
9035,0
5266,1
4450,0
4152,0
4008,1
2050,0
6743,1
4258,0
510,0
7210,0
1409,1
2561,1
8401,1
694,0
8157,1
7292,1
5622,0
613,0
6815,1
603,1
4347,1
6681,1
6216,1
1430,1
8497,1
3593,1
4365,1
9007,0
986,0
6915,1
460,0
5891,0
8297,1
5895,1
1757,1
1312,0
7930,0
2516,1
499,0
5198,1
1717,0
6670,0
1746,0
7244,1
772,1
7684,1
5170,1
4283,0
2186,1
4041,0
9013,0
5355,0
3181,1
652,1
197,0
3107,0
6849,0
4504,1
9073,0
4102,0
4689,1
4652,0
6257,0
8350,1
8837,0
7114,0
1446,0
4395,1
7515,0
6630,0
8714,1
5436,1
5341,1
6437,1
8463,1
9126,0
3116,1
2785,1
5682,0
1626,0
5645,1
8201,1
5922,1
8334,1
8649,1
6562,1
457,1
466,0
7611,1
8617,1
492,1
8564,1
6790,1
6550,0
3959,1
268,1
7068,1
3830,0
7339,0
5794,1
9157,1
6580,1
9270,0
2197,1
2357,1
1625,1
6270,0
1619,1
7383,0
6284,0
8341,1
1049,0
4237,1
8994,0
1938,1
907,1
6025,0
4920,1
8473,1
5304,0
4137,1
4210,0
2028,0
5509,0
3610,0
168,1
4397,1
685,1
7716,0
1895,0
8437,0
6489,1
3884,0
2681,0
2774,0
7153,0
3604,1
30,1
5754,1
595,1
4582,1
4290,1
3546,0
4522,0
6636,1
3334,1
3608,1
1909,1
1959,0
6145,1
2040,1
2821,0
8178,0
8626,1
8548,0
2584,1
36,0
8326,0
691,0
4656,1
3498,1
4845,0
5770,1
28,1
6604,1
5817,1
9291,0
8773,0
2746,0
5688,0
8974,0
6242,1
5598,1
5894,1
3119,0
4118,1
5421,1
4695,1
8321,1
8457,0
7073,1
7116,0
7007,1
4749,1
3569,0
6818,1
757,0
3282,1
3551,1
5290,0
1476,0
3762,1
402,0
2458,1
6838,0
1048,0
2098,1
6513,0
6288,1
5513,1
7444,0
6766,1
355,1
4923,1
6346,1
8683,1
2227,0
7384,1
5099,1
2092,0
1175,0
3244,1
4088,0
8648,1
1481,1
2202,0
5881,1
3738,1
4278,0
6185,1
6186,0
5209,1
2184,0
1794,1
2710,1
8883,1
927,0
1066,1
1010,0
3007,0
7803,1
2327,0
1205,0
5766,0
4321,1
9139,0
1063,1
4924,0
1001,1
3744,0
2541,1
7200,1
5179,0
5253,0
364,1
7927,0
8071,1
4082,1
1043,1
5153,1
210,0
5081,0
1171,0
8850,1
4296,1
8538,1
3722,0
9102,1
4344,0
2339,0
8359,1
1964,0
1563,0
7715,0
7829,1
4509,1
3917,0
8430,1
7747,1
3139,0
7032,0
1830,0
2452,0
5093,1
3332,1
8870,1
6205,1
6221,1
4349,1
7078,0
1701,1
4240,0
2881,0
3683,1
6655,0
6,1
279,1
2411,1
7936,1
8292,0
8719,1
6848,1
4235,1
738,0
5910,1
1140,1
6327,0
7740,1
3150,0
4755,1
2147,0
4480,1
7608,1
6477,1
8027,0
5690,1
6556,0
8033,1
5296,1
5083,1
9187,0
3421,1
1274,1
4164,0
1425,0
2471,1
407,0
8633,0
4126,0
1398,0
8045,1
3739,1
5448,1
2763,1
5241,1
923,1
2519,1
3482,1
260,1
8989,1
462,1
5916,1
4558,0
1498,1
384,1
922,0
5150,1
453,1
1467,1
3400,0
3096,0
5098,1
2338,0
6454,0
9206,1
3414,1
3454,1
7999,1
3222,0
4329,1
5181,1
3624,1
2005,1
3861,0
134,1
7589,1
838,0
4583,0
8426,0
3523,0
344,1
4011,0
270,0
4489,1
8613,0
2547,1
4032,1
4634,0
2162,1
2033,1
1162,0
7791,1
3020,0
6171,1
391,1
6902,0
288,1
6950,0
6811,1
7633,0
5213,1
6666,0
8768,0
3961,1
1739,0
8834,1
5270,0
5939,1
2666,1
8640,1
9277,0
3987,1
1009,0
5012,1
3285,1
7485,0
5869,1
3078,0
946,0
3767,0
7324,0
9232,0
7660,0
3585,1
6953,0
697,0
8472,0
8774,1
7559,1
1571,1
5171,0
517,1
3346,0
9155,1
2866,0
3507,0
6959,1
4355,1
749,1
8535,0
5943,0
1569,0
2663,0
6665,1
6759,1
3970,1
9163,0
5809,1
3456,1
1597,1
8899,0
2735,1
5319,0
8468,0
2209,0
231,1
9177,0
1250,1
9048,1
8002,1
6218,1
9005,0
117,1
3153,1
3250,0
5458,0
5224,1
1806,0
1238,0
4765,0
1109,0
2714,1
5157,1
4669,1
8073,1
5791,0
5272,1
6433,1
7767,1
8684,0
4198,1
1713,0
6936,1
9176,1
1261,0
3166,0
1593,1
6621,1
5048,0
3844,1
6744,0
8779,1
5262,0
5194,0
811,1
3444,0
1470,0
8469,0
8118,1
5745,1
3741,0
9130,0
7499,1
2539,1
7161,0
1992,1
7484,0
6570,1
2061,1
9241,1
5498,1
677,1
9148,0
635,1
2226,0
2586,0
6243,1
5719,1
6338,1
5374,0
4935,0
2398,1
5139,0
5102,0
2356,1
5933,1
7967,0
6134,0
1349,0
8581,1
931,1
7626,1
6998,0
4993,1
8547,0
723,1
2231,1
9103,1
5796,0
643,0
216,0
6254,1
4932,1
8019,1
7821,1
8697,0
6195,0
901,1
3437,1
6877,1
385,0
8380,1
5041,1
6269,1
7067,0
2894,0
6756,1
4176,1
7962,1
8357,1
6778,1
7842,1
2890,1
1294,1
7027,1
1455,1
2936,0
2739,1
2573,1
5414,0
5465,1
225,1
638,1
1462,1
2456,1
3895,1
4327,0
4671,1
4792,1
1867,1
3296,1
5868,1
2003,1
7266,0
1326,1
3038,1
868,0
630,1
1200,0
126,0
5478,1
1405,0
5537,1
6237,1
558,0
1225,1
6742,1
8623,1
6461,0
8900,0
1438,0
7364,1
470,0
1953,1
4390,1
2954,0
7204,1
6677,1
3853,0
5397,1
5202,0
7679,1
4791,1
2775,1
5237,1
8578,1
4177,1
1230,1
7041,0
5574,1
4361,0
267,1
5617,0
4305,1
1840,1
6717,0
3818,1
8190,0
8392,1
6334,1
8482,0
826,1
5741,0
2021,0
7076,0
8806,0
8254,0
4095,1
4976,1
5456,0
4587,0
6690,0
1685,0
7422,1
9079,1
7213,1
186,1
1392,1
6747,1
4346,0
6561,1
2504,0
8543,0
1523,0
7781,0
2251,1
8148,1
8669,1
5053,1
227,1
2913,0
4655,1
7572,1
8695,0
1168,0
649,1
7402,1
1847,0
8491,0
1121,1
2160,0
3289,1
7174,0
8808,1
6809,0
2678,1
7640,1
4565,0
2394,0
42,0
5597,1
2080,0
1433,1
2589,1
1845,1
5308,1
6009,1
3592,0
3018,0
6103,0
478,1
1136,1
6995,0
1961,1
4219,1
6086,0
81,0
792,1
7726,0
6089,0
1389,1
8910,0
8914,0
4234,0
336,0
2312,1
7602,0
3841,0
8030,1
2960,1
8780,0
8731,1
1074,1
6026,0
7038,1
3501,1
4759,1
8322,1
3694,0
2113,1
6275,1
7932,1
6311,1
6263,0
7739,0
6812,0
8931,1
5529,0
2149,1
1884,0
2012,1
7708,0
7508,1
9256,0
1330,1
6424,1
2679,1
5423,0
4842,1
2142,1
6045,1
1360,0
6430,0
2453,1
2474,0
7653,1
2575,1
8635,1
5620,0
5358,0
1490,1
8753,0
4036,0
3496,0
6632,0
8414,1
4991,1
4400,1
3642,1
2319,1
1566,0
3709,1
5904,0
3087,1
1913,1
4060,0
2880,1
7592,0
8676,1
5309,1
4107,1
8503,1
3821,1
1480,1
4910,0
8494,0
5658,0
2141,1
3945,1
6121,1
3986,0
1604,0
4259,0
4338,1
9181,0
6157,0
2090,0
5786,1
3769,0
5847,0
7160,0
3811,0
6671,1
3974,0
7693,0
6688,1
6283,1
5826,0
1272,0
7750,0
8604,1
3679,0
8042,1
7446,1
7676,0
8433,0
3776,0
3799,0
586,1
4298,0
6119,1
1698,0
782,0
736,1
8608,0
5550,0
1534,1
1483,0
1656,1
3079,1
4289,0
8248,1
5076,1
4538,1
3864,0
4491,0
2912,1
4266,1
3770,1
4994,1
8422,1
8710,0
5604,1
2291,1
1725,1
7848,0
3511,1
8532,1
4030,0
6037,1
5398,0
7277,1
2938,0
5952,1
2934,0
8419,1
675,1
5071,0
852,1
7637,1
5988,1
8999,0
7646,1
8210,0
1098,1
3614,0
5632,0
4620,0
1846,1
5072,1
7728,1
2977,1
4624,1
642,1
1042,1
8083,0
414,1
602,0
1343,0
7005,1
5698,0
9309,1
273,1
8847,1
8479,1
6248,1
6725,0
3760,1
8735,0
5865,1
15,1
4430,1
6457,0
3014,1
4512,0
4503,0
509,0
7416,0
1719,1
8822,0
6223,0
8486,0
7872,1
5935,1
4224,1
6287,1
2840,1
6441,0
5879,1
2165,1
2843,1
5675,0
5548,0
1939,1
9164,1
2621,1
1843,0
4700,0
6783,0
4485,0
5561,0
5049,0
6563,1
3562,1
337,0
1917,1
1547,0
740,1
8664,1
9116,0
4832,1
5145,0
7435,1
276,1
4153,1
4339,1
6376,1
9160,0
4960,1
4603,0
2828,0
5531,1
5417,1
877,1
2538,1
38,1
1091,1
3797,1
1069,0
6024,1
1507,0
5899,1
6646,1
6046,0
632,1
207,1
2057,1
7909,1
8423,0
4984,0
5271,1
7372,0
3643,0
4227,1
6566,1
7987,1
2528,1
7814,1
1822,0
8378,1
8204,1
9031,1
6135,0
9087,1
5204,1
129,1
6139,1
7790,1
269,0
8312,0
4977,0
9084,0
8534,1
7706,0
2979,0
1910,0
830,0
6063,0
6853,1
8502,0
4363,0
2478,0
6924,1
1930,0
2702,1
3840,0
5056,0
4868,1
1324,0
6069,1
1594,1
8065,1
7438,1
3145,1
196,1
5870,1
5511,1
7279,0
4427,1
5167,1
8550,1
623,0
3825,1
6873,0
3924,0
286,1
6594,0
2502,0
959,0
450,0
9184,1
7555,1
5052,0
7904,0
8869,1
8918,0
3471,1
7509,0
4099,1
5119,1
2992,0
6478,0
6970,0
5839,0
5583,1
2218,1
2087,0
2143,0
985,1
538,0
752,0
2969,0
1485,1
3543,1
3028,1
9285,0
5815,1
711,0
1929,0
3719,0
6386,1
2685,1
8294,1
1104,0
5968,0
8140,1
1415,1
9122,0
8615,0
2788,0
4666,0
948,1
701,0
4799,0
7460,1
3879,1
8344,0
5305,0
1789,1
6032,0
3857,0
9105,0
2015,1
3560,1
981,0
3430,0
8696,1
9,1
8476,1
4679,0
2965,0
140,1
5258,0
5703,1
2163,0
1209,0
6154,0
5238,0
2277,0
1645,0
4168,0
3448,0
8345,1
686,1
8432,0
4748,1
5324,1
6794,0
4552,0
7823,0
1744,1
7389,1
4639,1
4901,0
8060,1
3111,1
579,1
436,1
1904,0
2883,1
6309,0
5976,1
837,1
8147,1
1153,1
2337,1
3455,0
8328,0
6761,0
5057,1
4763,1
4360,0
6577,0
1763,0
6774,0
4873,0
2446,0
5339,0
6530,1
8123,0
1576,1
458,1
3485,0
7565,0
5924,0
8420,1
7913,1
6609,0
1700,1
2370,0
6468,0
1858,1
5502,1
3645,1
5342,0
6293,1
7613,1
2629,0
6553,1
3333,1
3065,0
2753,1
3009,0
9293,1
2488,0
6222,0
448,1
4457,0
5250,0
7275,1
2567,1
751,0
540,0
6886,0
6722,1
5713,0
6500,0
208,0
718,1
4685,0
5494,0
1059,0
6527,0
5260,0
6250,1
4158,1
4093,1
8812,1
7478,1
961,0
2956,1
7831,1
3170,1
5160,0
6852,0
9283,0
1383,0
2615,1
5332,0
4035,0
148,1
973,0
609,0
8998,0
505,0
1920,0
5704,0
1718,0
3342,0
281,0
2630,0
5855,0
1620,0
6004,0
4553,1
2497,0
1361,0
3422,1
4709,1
4116,0
7972,1
1494,1
859,1
5443,1
1435,0
1819,0
422,0
1291,1
2018,1
6517,1
6471,0
7547,1
570,0
6661,1
8216,1
3378,1
827,1
4694,0
1837,0
6194,1
3903,0
4672,1
1560,1
8036,0
3912,0
678,0
5068,1
853,0
7233,1
4406,0
1347,1
587,1
1617,1
8142,1
8798,0
4335,0
7975,1
1793,1
2876,1
7816,1
4055,0
935,1
4985,0
7158,1
4342,0
5614,1
845,1
4646,1
4034,1
5067,0
1441,0
4104,1
507,1
2027,0
3621,1
4053,0
381,1
4830,1
4852,0
7575,0
2437,0
562,1
2832,1
8706,1
6523,1
5716,1
4043,0
4626,1
533,0
3432,0
5070,1
4257,0
7119,0
2207,1
3951,0
3447,0
8367,0
6672,1
3491,0
5555,0
7666,1
6599,1
3168,1
7942,0
2306,1
4315,1
8189,1
7993,0
2047,0
3463,0
8276,1
6022,1
553,0
4269,1
7586,0
4863,1
9174,1
8787,0
4260,0
2634,0
3480,0
1596,1
1081,0
8966,0
7729,0
4115,0
5131,0
6053,1
9244,1
5642,1
2272,1
7534,1
524,0
2810,0
6094,1
1979,0
9119,1
1720,1
5902,0
5571,0
6917,0
8355,0
7963,0
3449,0
656,1
3416,1
4446,1
1112,1
6484,0
327,0
6410,1
8982,0
2904,1
7856,1
377,1
3985,0
1417,0
6719,1
5670,0
1752,1
582,1
5610,0
5946,1
3196,1
5998,0
5386,0
1673,1
6399,1
5649,0
114,1
3313,0
125,0
9085,0
5242,0
7338,1
4560,1
3629,1
415,0
3270,1
1301,1
8531,0
2498,1
5459,0
7583,0
3161,0
5953,0
5230,1
5161,0
335,0
3660,1
1608,1
3379,0
1520,0
26,0
1444,0
4802,0
6786,1
8296,0
6682,1
5750,1
6384,1
5468,1
4670,1
1015,0
8122,1
5236,1
4663,1
2139,0
836,1
7469,0
8733,0
7365,1
8540,1
8964,0
2421,1
664,1
2185,0
6381,0
4016,1
188,0
5369,1
7710,0
5351,0
5367,0
4170,1
5524,0
6098,0
8317,1
6942,0
4635,1
80,1
359,1
4065,1
8758,0
6408,1
2650,1
4654,1
5427,1
571,1
3394,1
3353,1
3302,1
8600,1
3655,1
4277,0
9316,1
2019,0
629,1
4521,0
8360,1
7910,0
4453,1
5818,0
1639,0
493,0
8081,1
3104,1
8501,0
296,1
4473,1
5707,1
5937,1
2813,1
1169,1
2120,1
4090,0
4693,0
439,0
7191,1
8529,1
7344,1
4665,0
8285,0
7182,0
3070,1
7735,0
6802,1
1463,0
7830,0
8428,0
2626,0
651,1
7377,1
8313,0
3837,1
2545,1
6303,1
6202,1
5246,0
7398,0
2948,0
3224,1
5450,0
4899,1
7937,1
3998,0
953,1
8369,1
9326,1
7094,0
8809,0
2582,1
659,1
6458,1
5806,1
5055,1
95,1
7606,0
2283,0
7782,1
5824,1
6249,0
6362,0
8249,0
3160,1
5038,1
3549,0
8630,0
7545,0
4005,0
9305,1
5000,1
2395,1
939,0
145,0
8811,0
6734,0
8244,0
4589,1
2842,1
2733,1
6439,1
1871,1
3953,1
3209,1
2310,0
4793,1
9125,1
9144,0
3673,0
1853,1
7241,1
4804,1
4686,1
4287,0
1013,0
4972,0
980,1
2526,1
4811,1
997,0
8050,0
6206,0
8365,1
6146,1
2404,0
6847,1
360,0
9065,0
121,0
9088,0
361,1
3134,1
6539,0
119,0
2492,0
3320,0
2204,0
857,1
1966,1
5788,0
4651,1
8481,0
3493,1
7548,1
7491,1
2252,1
988,1
5018,0
5365,0
4265,1
869,0
8331,1
5803,1
5249,0
1903,1
5075,1
1352,1
6966,1
1303,0
8044,0
152,1
2700,1
2257,1
7873,0
3022,0
3994,0
3975,0
2569,0
9328,1
6279,0
137,1
6976,0
5136,1
7003,0
1585,0
1487,1
1898,0
2001,1
4097,1
7659,0
1601,1
5738,0
2183,1
2722,0
2106,0
5353,1
526,1
2779,0
9091,0
7614,1
365,0
4789,1
3883,1
86,0
7044,1
5085,1
2148,1
4703,0
5633,0
6175,1
3736,1
5542,1
3730,1
2952,1
8892,0
6280,0
7917,0
1137,1
7461,1
4959,0
4174,0
2169,0
8921,0
2770,0
9275,1
5152,1
4200,0
8133,1
5137,0
2564,0
883,1
7489,1
8584,1
9222,1
6059,0
1176,1
264,0
5016,0
3858,1
644,0
8015,1
4021,0
3820,1
2942,0
7940,1
6914,1
819,1
5011,1
1127,0
6545,0
2957,0
8627,0
6337,0
298,1
5381,0
4939,0
1831,0
7866,1
2694,0
7057,1
818,0
4469,1
4155,1
4429,1
3933,1
1891,0
1382,0
4719,0
7418,1
4717,0
6926,0
4720,0
6923,1
7882,0
3524,0
9057,1
5335,0
3286,1
8092,0
1482,1
173,1
2105,1
3294,1
6447,1
5496,1
8686,1
2330,1
6097,0
3093,0
1090,1
8005,0
4046,1
1451,1
3387,1
157,0
3309,0
4762,0
3724,0
6505,1
6764,1
4990,0
4949,0
7002,1
1613,1
9313,1
8938,1
7357,1
5581,1
7298,1
7162,1
5579,0
2292,0
1094,0
1745,1
8223,1
5069,0
1865,0
5966,0
1161,0
74,1
8224,0
5361,1
1761,1
5628,1
8451,1
2079,0
6443,1
7864,1
9028,0
8202,0
3714,0
3819,0
4207,0
4523,0
2071,1
5867,1
6569,0
2428,0
2756,0
3542,1
6001,0
2858,0
2397,0
4052,1
487,0
4598,1
1665,1
66,1
1152,0
7023,0
8316,0
2407,1
2677,1
889,1
6929,1
2334,1
7933,1
933,0
6302,1
1795,1
9111,0
3210,1
7258,0
1057,1
960,0
4431,0
905,0
8813,0
9242,0
7837,1
1657,0
2572,1
2269,0
1771,1
4362,1
5114,0
593,1
6118,1
3005,1
3062,1
5273,0
141,0
6820,1
904,1
8620,1
9023,1
7242,1
1288,1
1542,1
6872,1
189,0
5268,0
4083,0
1299,0
177,1
3568,0
670,0
5279,1
4790,1
3156,0
4618,0
5621,1
3693,0
9138,0
5651,0
4727,0
2682,0
5368,1
8654,0
7897,0
3185,1
4680,1
7683,1
2074,1
9280,1
7360,0
316,0
1833,0
501,0
3478,1
4733,0
6340,1
2289,1
2215,0
2848,1
8504,1
8427,1
351,0
289,1
3048,0
6403,1
914,0
3030,0
371,0
6842,1
6987,1
4931,1
7247,1
8199,1
3149,0
707,1
647,1
7858,0
1044,1
978,1
2598,1
7835,1
4166,0
6906,1
8295,1
8915,0
8845,0
8068,0
2759,0
1650,0
6310,0
2316,0
317,1
8159,0
7220,0
5091,0
356,1
5403,1
8187,0
843,0
1353,0
1548,0
3906,1
7172,1
3274,0
759,1
8514,0
3382,1
2911,0
4405,1
6144,0
4493,0
1414,1
4664,1
6014,0
3545,1
2555,0
6312,0
2838,0
2115,1
6844,0
5132,0
2093,1
5220,0
4262,1
2614,0
4578,1
1216,1
8679,1
4426,0
5158,0
8023,0
6345,1
2807,1
419,0
7356,0
5090,1
5471,0
6861,1
6695,0
1316,0
8716,0
7428,1
5413,0
5878,1
6292,1
1848,0
7065,1
7327,1
7609,1
808,1
1325,0
6984,1
1751,1
4922,0
1099,0
6224,1
7149,0
3148,0
2307,0
6273,1
3251,1
9001,0
786,0
11,1
3124,1
6712,0
658,1
6105,0
891,1
5680,1
6996,1
4415,1
1815,0
7645,0
7806,1
1419,0
6593,0
6115,0
500,1
7851,0
3649,0
6108,1
8032,1
7222,1
5565,1
4760,0
1259,1
1699,1
4874,0
1638,1
8713,0
774,1
5693,1
1354,1
6355,0
4955,1
3654,1
7147,0
7215,1
3277,1
5734,1
107,0
6453,0
8280,1
3946,0
5001,1
4948,0
6147,1
2987,1
7845,1
8544,0
1248,1
619,1
7523,0
6052,0
1940,1
7127,1
4447,1
7322,0
2347,1
6925,1
7780,1
4724,1
7303,1
2384,0
5345,0
5106,1
2997,1
6358,1
6676,1
7245,1
5489,1
4609,0
8561,1
1932,1
5193,1
1960,0
6800,1
7713,1
8352,1
1732,0
3112,1
491,1
4535,1
4687,0
1849,1
8101,1
4106,0
892,0
6973,0
9118,1
8587,0
5312,0
8251,1
9209,1
4091,1
7350,1
3573,0
7907,0
4506,0
4958,1
2075,0
7175,1
6272,0
301,1
3436,1
9156,0
828,1
3616,1
3367,1
7287,1
4723,0
4881,1
2267,1
7671,0
5282,1
3284,0
7201,0
8621,0
7317,0
6122,1
8960,1
6137,0
952,1
7166,1
3488,0
6200,0
8979,1
7272,1
1705,0
2240,0
4668,0
8738,1
7342,1
7466,1
6708,1
8003,0
6354,1
6738,0
6600,0
3571,1
6611,1
4318,1
4374,1
3221,0
913,1
3565,0
719,1
9182,1
7777,0
265,0
3311,1
8146,0
8104,0
4644,1
7707,1
6502,0
1539,1
7612,1
739,1
3838,0
6707,1
4725,0
4890,1
1877,1
2247,1
7552,1
111,1
3563,0
8093,0
1369,1
2117,0
3477,0
2470,1
4070,0
102,1
5318,1
2174,1
5501,1
5547,0
4880,0
3948,0
4545,1
2695,0
780,1
5681,1
48,0
6331,1
8358,0
2917,1
4001,1
9134,1
7579,0
1368,0
7465,0
7648,0
2605,0
5857,1
2805,0
4928,0
1039,1
3750,1
4836,0
7089,0
928,1
5354,1
1501,1
4534,0
7455,0
143,0
7179,1
2869,0
8562,1
77,1
8661,0
3215,1
2447,1
1267,0
4284,0
241,0
2699,1
8552,1
9190,1
2773,1
4519,1
2778,0
3618,1
1988,0
8307,0
2443,1
1024,1
4172,0
3529,1
7122,0
6603,1
7551,1
5314,1
7230,0
3910,0
513,0
1677,0
5961,1
8977,1
3182,0
4947,1
1332,1
8017,0
793,1
1519,0
3434,1
7795,0
6551,0
7984,1
8124,0
6470,0
118,1
2386,1
5582,1
9262,1
8402,1
2313,0
8453,1
2691,1
1978,0
1132,1
1651,1
7985,1
3439,1
9161,0
899,1
6866,0
8129,0
8935,0
9062,0
468,1
4138,1
7106,1
2199,1
1145,1
3495,0
2380,0
8859,1
5530,1
5467,0
1900,0
2592,0
8238,1
8314,1
4807,1
8740,1
8660,0
9068,1
2242,1
6579,1
1692,1
8110,0
8987,0
7981,0
1894,1
7382,1
3481,1
2239,1
6657,1
7366,1
2145,1
1787,1
2365,1
2851,1
1308,0
1239,0
4031,0
156,0
5239,1
6701,1
1710,1
746,0
4239,0
3789,1
8324,1
6653,1
3144,1
1210,0
911,1
8175,0
8882,1
5721,1
6833,0
7464,0
695,1
4594,1
201,1
5476,1
2607,1
6166,1
2819,0
2108,1
1636,1
4513,0
7921,0
2046,1
4472,0
7805,0
7408,0
8407,1
1605,0
8887,0
4875,1
1436,1
742,1
2731,0
4645,0
529,1
7143,1
6832,1
6239,1
4063,0
8105,0
1600,1
9117,1
7931,0
8229,0
1655,1
250,1
4300,0
2939,0
2606,0
2333,1
7961,0
7280,0
839,1
6903,1
352,0
4676,0
9020,1
9018,1
5313,1
8592,1
3293,1
712,0
7020,1
2900,0
8004,1
3766,0
2156,1
2396,0
9017,0
4581,1
44,1
3236,0
7517,0
720,0
5623,0
8663,1
8700,0
5630,0
2229,0
8013,0
2613,1
4079,0
2463,1
764,1
2346,0
8652,0
8237,1
4483,0
4917,0
7960,1
9205,0
7743,0
4584,0
1906,1
4585,0
2401,0
9195,0
7639,1
2645,0
7278,1
5997,1
605,0
1810,1
4156,0
8659,1
3106,1
8333,0
2072,0
3395,1
8577,1
2173,0
1193,0
7341,1
6944,0
200,0
7867,0
4018,1
3828,1
8347,0
8879,1
7370,0
6544,0
176,1
7388,1
7436,0
6153,0
4109,1
8725,1
2925,1
5545,0
1313,0
2698,1
6229,0
8063,0
8252,1
1154,1
4027,1
3867,1
6879,1
6320,0
2032,1
3586,1
955,1
8232,1
5257,1
7237,1
4764,1
5343,1
3041,1
9271,0
6264,0
7144,0
3905,0
8776,1
7011,1
4784,1
4233,0
8781,0
3851,0
1336,1
5284,0
1185,1
2448,1
6716,1
6830,1
1800,1
8436,0
3650,1
6142,1
726,1
7309,0
9104,0
5696,0
2479,0
1562,0
6680,0
5611,0
2543,1
7142,0
8001,0
767,1
591,0
4151,1
8821,1
8474,1
2480,1
5404,0
2399,0
789,1
2648,1
3128,1
7914,1
3204,1
4615,1
6571,0
6313,1
9218,1
7288,1
60,1
5673,1
5851,0
7689,1
8667,1
8149,0
5575,1
6373,1
8685,0
3956,1
116,1
5993,1
6775,0
9121,0
7312,1
600,1
3155,0
5700,1
63,1
2508,0
3299,0
7934,1
1400,1
6813,1
5973,1
166,0
8988,1
7198,1
8855,1
7502,0
1721,1
2578,1
6087,1
944,1
2375,0
9196,1
9089,0
1222,0
7104,1
5205,1
9173,0
4518,1
3713,0
5885,0
6751,1
956,0
3670,1
2772,1
4181,1
6839,1
9323,1
2054,1
4184,0
3105,1
1280,1
6753,0
1275,0
5876,0
423,1
8956,0
7717,0
5086,1
7081,1
8511,0
7290,0
1172,0
4461,0
6203,0
1653,1
7826,0
6261,1
4373,0
3407,1
9327,1
8657,0
3833,0
3157,0
8135,1
3950,0
3839,1
5292,0
8576,1
1686,1
5814,0
3657,0
6188,1
16,0
3042,1
7440,0
3494,0
6581,1
4951,1
2260,0
7519,1
6380,0
1229,1
6138,0
8997,1
4713,0
7776,1
1825,0
8893,0
6350,0
3305,0
7912,0
6266,0
87,0
5709,1
299,0
8304,0
4418,1
1950,1
7001,0
7431,1
6124,0
3675,1
5538,0
318,0
6080,0
8342,0
1788,1
5866,1
3011,1
1841,1
2038,1
4737,0
9240,0
1551,0
2418,1
424,1
8823,1
4744,1
1728,1
8170,0
7375,1
8757,0
2382,0
8924,0
2686,0
3967,0
1263,1
7251,0
6344,0
2660,1
1457,1
1792,1
4888,1
5893,1
7625,1
8366,1
3464,1
5576,1
3626,1
217,0
8165,1
7017,0
2180,1
7150,0
6423,1
6683,1
8840,1
1491,0
3037,1
8856,1
4367,1
6586,1
5151,0
8990,1
3578,0
5226,0
5371,1
3319,0
3556,0
5486,0
5656,1
7136,0
3398,1
5411,0
4607,0
3355,1
7865,1
4706,1
4326,0
3318,1
8527,1
2820,1
3218,1
787,0
6348,1
3074,1
3049,1
4261,0
246,0
55,1
5646,0
5637,1
6678,0
7890,1
6899,1
4086,1
5415,1
46,0
5802,0
1905,1
2068,0
56,0
1133,0
4533,0
5104,0
1016,1
5200,1
5819,1
4701,1
713,0
1058,1
2738,1
8219,0
2069,1
4464,0
5113,1
626,1
1880,1
7997,1
275,1
6578,1
4814,1
6374,0
3232,0
7471,0
1474,0
3863,0
3859,1
4953,1
100,1
7680,1
7109,1
8119,0
4092,1
1071,1
2751,0
604,1
5005,0
2712,1
6718,1
5060,1
1302,0
7574,1
5508,0
4336,1
4787,1
6728,0
1706,1
5546,0
155,1
2889,0
7926,1
3017,1
7045,1
2797,1
2352,0
1141,1
1,0
7304,1
1678,1
375,1
2427,0
5274,0
8274,0
2946,1
6442,1
6315,1
3557,0
4857,0
1061,0
4721,1
3408,0
3330,0
7047,1
3971,0
331,1
3780,1
2593,1
847,1
4007,0
149,0
9263,0
1006,0
325,1
7911,0
1514,0
4658,1
7682,1
4056,1
4385,0
9287,1
2299,1
6494,1
834,1
4171,1
1359,1
1760,0
8559,1
2111,1
5919,1
6928,0
6948,1
162,1
368,1
3027,1
4119,1
4967,1
9027,1
6559,1
4462,0
2264,1
8972,1
5188,1
5553,0
8842,0
4292,0
7644,0
5183,0
6128,0
5021,1
1203,1
6007,0
1791,1
2232,1
4394,0
3279,0
9223,0
1949,1
2531,1
488,1
5032,0
733,1
1147,1
2377,0
3842,1
1536,1
8169,1
2026,1
3089,1
3401,0
5178,1
8172,0
1735,1
970,0
4423,0
1344,1
5470,0
3336,0
7132,0
8724,1
7922,1
5936,0
6400,1
5185,1
3039,1
2002,1
4383,1
4547,1
8958,1
6587,1
249,1
7868,0
334,0
2472,1
7269,0
7046,1
3561,1
8634,1
2402,0
8891,1
8908,0
6074,0
6567,0
1827,1
294,0
7195,0
2043,1
8709,0
1403,1
5485,1
497,1
6168,1
2829,0
4536,0
1818,0
4211,0
409,0
4228,0
3446,1
1029,0
6227,1
5948,1
1118,1
1667,0
4779,1
2550,0
1635,1
1676,1
4621,1
8309,1
9273,1
8889,0
1055,0
6618,1
8751,1
7738,1
6055,0
8047,1
532,0
940,1
7778,0
8746,1
7115,1
8816,1
2658,1
1812,1
6533,0
1660,0
3873,1
1666,1
7192,1
6534,0
7616,1
2553,1
2389,1
1850,0
6768,1
1670,1
858,0
6230,0
8586,0
930,0
3340,1
7828,1
3502,0
3993,0
7669,1
3637,1
6633,1
4837,0
2287,0
1555,0
581,1
4028,0
8442,1
8818,1
6525,1
9129,0
8970,0
8145,0
3689,1
7205,0
1178,1
1532,0
6898,0
3737,0
7727,1
7954,0
1083,1
994,0
3606,0
3349,1
9250,1
7833,0
2161,1
224,1
4122,0
7944,1
5964,1
2764,0
8516,1
7048,0
5896,0
4983,1
5699,0
8315,1
6076,0
5564,1
4149,0
2595,0
1525,0
3547,1
5433,0
7929,0
7229,1
6479,0
6965,1
8596,1
4610,0
3325,0
8936,1
438,1
2107,1
277,0
5192,1
7697,0
1977,0
5002,0
3369,0
5469,1
8863,1
307,0
8239,1
191,1
3692,1
1574,1
3263,1
773,0
5606,0
5517,0
4120,0
6091,1
1333,0
6835,1
5585,0
5733,1
5978,1
8973,0
6795,1
2672,0
2065,1
5283,1
2906,1
5541,1
8765,1
4808,0
5036,0
8841,1
6723,0
860,1
3373,1
1117,1
4879,1
5252,0
1526,0
5174,0
555,0
21,1
6088,1
6081,0
6294,1
4936,1
8888,0
1947,1
2354,0
5095,0
2909,1
7381,1
8857,1
3966,1
842,0
3047,0
3697,1
6101,1
1181,1
9019,1
2675,1
1506,0
5856,1
4541,0
8906,1
1883,1
1876,1
3815,1
4194,1
9274,0
7895,1
9289,1
4295,1
4657,1
5942,0
5723,1
3457,0
5487,0
8647,0
3960,0
8662,1
653,0
4937,1
2862,0
2993,1
569,0
5572,0
1969,1
1107,0
3314,1
1773,1
3058,1
8572,0
1811,0
2836,1
3057,1
5507,1
2743,0
7677,1
6385,0
8143,1
8496,1
1512,0
5887,1
7853,0
3383,1
5109,0
654,0
1497,0
4075,0
3435,0
5760,1
4849,1
4682,1
6765,1
3567,0
7850,1
1724,0
1413,0
1592,1
3972,1
236,1
7877,0
6462,0
3932,0
5712,1
9011,1
1743,1
696,1
9000,0
6102,1
6807,0
1529,1
6615,0
2982,1
6937,1
1994,1
6092,1
3370,0
4537,0
5792,1
1456,0
1440,1
9319,1
6596,1
4528,0
722,1
541,0
1521,1
6601,0
8528,1
5384,1
6610,1
5066,0
1486,0
920,1
2570,1
3257,1
9198,0
1190,0
62,0
1428,0
3628,1
8440,0
9052,1
998,0
6343,0
1577,1
8052,0
6515,1
5155,0
6066,1
7678,0
9054,0
2233,1
3121,0
1691,1
4356,0
7253,0
2637,1
8764,1
778,0
6487,1
5321,0
2157,1
7028,0
1228,1
3347,0
3137,1
6947,0
672,1
683,1
3850,0
3564,0
6482,1
991,0
2571,0
5211,0
8293,1
7906,1
2961,1
2850,1
7748,0
5402,1
6606,1
6278,1
2823,1
3641,0
7884,1
519,0
2009,1
7629,0
2465,0
1936,1
2167,1
3220,0
4466,1
353,0
968,0
4264,1
1401,0
7649,0
2241,0
8628,1
2718,1
5329,0
3505,0
6291,1
4820,0
1798,1
7232,1
4475,1
1060,1
8211,1
6286,1
5437,0
3108,1
3576,1
4884,1
7340,0
8318,1
5105,0
1366,0
671,0
1197,1
2837,0
9041,0
6511,0
9254,1
1813,1
6141,1
7087,1
2794,1
9110,1
6016,0
6887,1
3004,1
8099,0
800,1
2280,1
618,1
5691,0
3752,0
8205,0
5331,1
9245,0
3216,0
3158,1
6127,1
8726,1
1772,1
6244,1
183,1
7528,0
1396,1
7801,0
6945,1
7650,1
7102,0
2116,1
4524,1
5768,0
8279,1
7705,0
1067,0
3816,1
8835,1
1870,0
1522,0
5751,0
4826,0
3691,1
2503,0
3674,1
4963,1
150,0
8301,0
1270,1
2181,0
5439,1
5516,0
1505,0
3143,1
663,1
3548,1
7631,1
1779,0
3793,1
5568,1
993,0
9213,1
6353,0
962,1
4828,0
8766,0
7451,1
763,1
3680,0
9193,0
5947,0
3918,1
3751,0
4691,1
7291,1
3231,0
2653,1
7123,0
9203,1
5767,0
5875,1
4187,1
7305,1
2602,1
7745,1
2989,0
2244,1
8575,1
6520,1
1240,0
1273,1
919,1
3627,0
2331,1
5907,0
502,1
3312,1
2684,0
1422,0
6890,0
274,1
8945,1
5350,1
4024,0
6782,1
730,1
4934,0
5169,1
5710,0
8076,1
769,0
7098,1
1790,1
7207,0
6808,0
2786,0
8484,1
6535,1
7189,0
4232,0
3897,0
7139,0
5133,0
8880,1
7550,1
2256,1
6427,0
8086,0
7741,0
7015,0
8641,1
6588,0
8012,0
4407,0
8243,1
2315,1
4205,1
14,1
5559,0
1247,1
4244,1
8571,1
8371,0
112,1
3433,1
6591,1
4132,1
1122,0
815,1
548,0
8125,1
3572,1
5229,1
6685,0
9112,1
5405,1
8756,1
6342,0
7769,1
3492,1
4730,1
4456,1
1319,1
7571,1
5539,1
3183,0
3475,1
9308,1
7570,0
5913,1
1556,0
2168,1
6371,0
3550,1
7240,0
7367,1
3521,1
9201,1
5506,1
7770,0
7462,1
783,0
443,1
3175,1
1629,1
2191,0
8961,0
5641,1
8446,1
6000,0
9238,0
376,0
3915,1
4831,0
5652,0
8929,1
6079,0
1957,1
3559,1
3530,1
3090,1
3791,0
5512,1
6005,1
4933,1
1817,1
9204,0
292,0
975,1
444,1
539,0
4841,0
4488,1
8831,1
6325,0
2459,0
6369,0
2,1
8793,0
8320,1
3688,0
4505,1
2967,1
620,0
3882,0
1130,1
3965,0
6253,0
5073,0
2854,1
8644,0
3732,0
5684,1
1528,0
8526,0
7074,1
8569,1
4078,1
2467,1
7024,1
6008,1
8111,0
794,1
6731,0
3508,0
3887,0
8730,0
4442,0
4501,0
4611,0
3133,0
3043,1
700,1
2852,1
1252,1
5022,1
1582,1
7810,1
1633,1
2864,0
4736,1
5475,0
5297,0
5393,1
4544,0
3499,0
1461,1
400,1
2110,1
559,0
5596,1
4769,0
1807,0
3539,1
1234,0
3531,1
8797,1
4803,1
8161,1
57,0
8682,1
4688,0
5644,1
6639,0
4510,1
5215,0
5782,1
2041,0
4798,0
8853,1
2651,1
4856,0
992,0
4190,0
4815,0
7902,1
2495,0
1468,0
4105,1
4064,0
6750,1
9290,1
863,1
7120,1
7276,1
8717,1
5510,1
3265,0
489,1
3360,1
8965,1
481,1
4142,0
8051,0
3684,1
1165,1
6405,1
9132,1
2366,1
7562,1
8658,0
8555,1
2509,1
390,1
5799,0
4829,0
8582,0
1646,0
4131,1
7665,0
8016,0
6863,0
8058,1
5399,1
3388,0
3686,0
7368,1
8732,1
4595,1
8445,1
3021,1
8913,1
3159,0
3208,1
908,1
8919,0
6951,0
71,0
3599,0
5965,0
8289,1
3490,0
2892,1
4698,1
6450,1
1887,0
825,1
8933,1
6397,1
9249,0
790,1
5763,1
3696,0
5216,0
2874,0
3152,1
7585,1
776,1
5729,0
4222,1
1235,0
4386,1
627,0
2921,1
1517,0
8566,1
5372,0
4975,1
2505,1
9272,0
514,1
4525,1
2201,1
3338,1
7481,1
1951,1
1868,1
3459,0
1584,1
1647,1
1954,0
416,0
8398,0
2195,1
6918,0
8121,1
1198,1
3304,1
434,0
6070,0
9036,0
6038,1
4004,1
2849,0
1348,1
8525,1
7320,1
2716,0
2964,0
820,1
2192,0
8917,0
1199,0
2927,0
6619,1
756,1
5103,1
99,1
5758,1
3990,1
6909,0
5884,1
2500,1
7013,1
6043,0
5683,0
4193,0
4684,1
3348,1
9261,0
1241,1
3904,1
2190,1
7887,1
8551,1
5348,1
2723,0
2417,0
8061,0
7843,1
6163,1
4551,1
833,1
1232,1
4124,1
6467,1
7151,0
8085,1
1998,1
5725,0
2412,1
3588,1
6781,1
2522,1
3866,1
6560,1
7193,1
6189,0
4089,1
4938,1
5047,0
5330,0
6407,1
7620,0
6445,0
7980,0
3555,1
52,1
7332,0
2101,0
4113,1
6449,0
4718,0
4817,1
6901,1
512,1
8487,0
3786,1
1271,0
6654,0
1980,1
6552,1
3706,0
2400,1
463,0
5780,0
5706,0
8794,0
4476,1
8951,0
6057,1
8983,0
1675,0
7681,0
8554,1
2949,0
8539,0
7157,0
7112,0
6522,0
5462,1
7787,1
7487,1
9108,0
6298,1
1434,1
743,1
669,0
1323,0
8034,1
5731,0
3667,1
3535,1
9170,0
2760,1
1231,1
8579,0
4396,0
1878,0
2259,1
7036,1
4388,0
5805,0
1897,0
2496,1
1941,1
1495,1
5781,1
7846,1
6845,1
665,0
6490,1
4045,0
229,1
3326,0
2732,1
2765,1
8692,1
855,0
4459,1
6181,1
4500,0
7554,0
7815,1
7951,1
8200,1
7553,0
5985,0
6420,0
3852,1
3323,1
7915,0
5490,1
3957,1
2344,1
5811,0
735,1
7560,0
9180,1
6891,0
5315,0
2430,0
2727,1
1734,1
7642,0
879,1
1255,1
7178,0
4751,0
8759,0
4308,0
4058,1
1086,1
9200,1
5419,0
4864,1
7978,1
666,1
1264,0
721,1
4334,0
6042,1
4310,1
4255,1
2996,0
9090,1
8215,0
5383,1
3364,1
6865,0
1892,1
6882,1
4123,0
8619,0
8517,0
6030,1
3034,0
7737,1
6456,1
4741,1
8361,1
4160,0
1899,1
2506,1
4274,0
6212,1
1218,1
5659,1
4961,0
8606,1
7283,0
6698,0
6823,1
3103,1
1365,0
6398,0
5963,0
3969,0
1923,1
8570,1
2591,1
185,0
1187,1
4738,1
8876,1
6975,0
6201,1
8021,1
1100,1
3497,0
2265,0
7183,0
7265,1
1803,1
3827,1
343,1
4173,1
9016,1
5129,1
6314,0
5127,0
2172,1
3067,1
823,0
2709,1
655,1
6758,0
8434,1
4640,1
7736,1
4997,1
3908,1
2926,0
1393,0
4117,0
4281,1
9278,1
9216,0
5143,1
9032,1
817,1
7891,0
2689,1
7990,0
1835,1
5755,1
813,1
506,0
7483,1
4797,1
3781,0
2486,1
1022,0
4586,1
6109,0
5822,0
2983,0
2343,0
4532,1
7043,1
979,1
8864,1
3035,1
8075,1
4549,1
4145,0
4806,1
8488,1
596,1
3703,0
7334,0
3178,1
8095,1
4146,0
3425,0
8745,0
1188,0
2844,1
4438,1
3735,0
6526,0
8230,1
522,0
7704,1
130,0
5322,0
8270,0
6056,1
124,1
3341,1
8788,1
7349,0
6864,0
2224,0
3525,0
5556,1
2438,0
668,0
797,1
9197,0
1402,1
7034,0
6837,0
1693,0
1709,0
5191,1
9189,0
7113,1
2178,0
369,0
925,0
3911,0
2639,1
3026,0
3295,0
812,0
5850,1
1844,1
476,1
1816,0
2235,1
715,0
2457,1
2371,1
8057,0
1174,1
7742,0
7029,1
9236,0
7774,1
4252,1
6391,1
4867,0
7148,0
3639,0
7950,1
2618,1
6741,0
1335,1
5234,0
6367,1
3238,1
9226,0
585,1
9150,0
2834,0
7392,1
4452,1
4384,0
4072,0
1027,1
8097,0
8844,1
5650,1
5835,0
6326,1
840,0
8308,1
8595,0
7542,1
7834,1
1297,1
8675,1
8553,1
8912,1
6368,0
6228,1
193,1
6336,1
7400,0
3019,1
3554,1
358,0
1448,1
4914,1
8741,1
96,0
5970,1
5168,0
320,1
924,1
791,1
6231,1
3197,1
1896,1
2006,1
1580,0
2970,0
1781,1
446,1
3442,1
4921,1
4971,0
4777,0
7226,1
2963,1
7948,1
3262,0
9227,1
8203,1
3350,0
2084,0
6301,1
6473,0
1612,1
6332,0
1624,1
3868,1
3876,0
8519,1
4325,0
5172,1
7952,0
8214,1
1669,0
7971,0
1572,0
2059,1
3428,1
7541,0
8374,0
5626,0
93,1
4419,0
8275,1
8594,1
2899,1
34,1
412,1
7476,1
6382,0
6538,1
8707,1
8597,0
6319,1
3817,1
5562,1
442,0
633,1
5265,1
2734,1
5931,1
4279,0
9096,1
1738,1
8796,1
8804,1
1530,0
4353,1
8031,1
2696,1
3306,0
5428,0
8980,0
2314,1
2198,1
2800,1
3126,1
479,0
2884,0
8288,1
2748,0
3201,0
5039,1
175,1
8782,1
6173,1
233,0
8198,1
9166,0
7004,0
4659,0
3391,1
2907,0
3761,1
1919,0
9207,0
6828,0
7596,0
7722,1
7765,0
704,1
4350,0
5186,1
3800,1
4313,1
896,1
5634,0
4432,1
2728,1
4637,0
809,0
8920,1
1036,1
3955,1
2158,0
6732,1
3919,1
2565,1
7600,1
151,0
9298,0
5344,1
7968,1
1824,0
6492,1
7026,0
8411,1
5833,0
9075,1
6640,0
2135,0
4599,1
6357,0
1257,1
3259,0
1110,1
8760,0
252,1
65,1
4147,1
573,0
1658,1
7836,1
6893,1
2671,1
6174,1
1886,1
6658,1
50,1
405,0
1687,0
4341,0
6826,1
5627,1
2798,1
3943,0
637,1
7723,1
3656,0
3936,1
247,0
1356,1
1838,0
6504,0
4602,0
8399,0
9095,1
1958,1
5892,1
6220,0
3167,0
5746,1
7117,1
1376,0
5340,0
8096,1
7330,1
8377,1
242,1
6235,1
4247,1
9063,1
2481,1
5364,1
8829,0
5774,0
8425,1
4175,0
6649,1
7085,1
4995,0
7925,0
4455,1
7248,1
7224,1
1634,0
8415,0
3195,1
1097,1
8969,0
8546,0
1298,1
3308,1
7363,1
2603,1
1918,0
4716,0
4231,0
1767,1
8225,0
8163,1
5176,1
1311,1
3474,1
7888,1
5195,0
5759,1
8895,1
1581,0
876,1
6035,1
6855,1
6875,0
9070,0
2317,1
6584,1
2745,1
3822,1
3794,1
3211,0
3288,0
3984,0
8054,0
607,1
263,0
3012,0
1460,0
5014,1
5959,0
7628,1
3002,1
2652,0
8909,1
5667,1
2647,0
6521,1
5088,1
8761,1
2293,1
9321,0
1115,0
5852,1
8820,1
6990,1
3240,1
8177,0
3280,1
3317,0
6883,1
3763,0
9074,1
7101,0
882,0
1237,1
432,0
6572,1
8843,1
9191,1
19,1
2596,1
9040,1
8236,1
6330,0
6939,1
7395,0
3186,1
9141,1
2789,0
989,0
9145,0
7054,0
1246,1
5920,0
7617,1
7437,0
3214,0
5286,1
957,0
1901,0
4631,1
6019,0
7744,1
4756,1
7860,0
8941,1
687,1
6985,0
6900,1
641,1
248,1
6176,0
7103,0
6641,0
2491,0
3813,0
6825,0
1570,1
4495,1
7169,1
5503,1
3080,1
550,1
8356,1
209,1
4987,0
8265,1
3374,1
9003,1
3217,1
8,0
1881,1
1802,1
4894,1
1078,1
5974,1
3875,1
2597,0
7060,1
7095,0
7818,1
4143,0
7812,1
5162,0
2297,1
7409,1
7177,0
1674,0
266,1
6199,0
8485,1
5491,1
4824,1
4203,1
4133,0
4908,0
5189,1
2563,1
3339,1
9300,0
4140,0
4364,0
1123,1
5051,0
3765,1
5026,0
339,1
4417,0
7069,0
6634,0
4966,1
7325,1
1138,0
7467,1
6421,0
2320,0
1888,1
1801,0
123,1
8354,1
2891,1
498,1
2483,0
7576,1
5504,1
4439,1
6669,0
1215,1
8373,0
2155,1
5352,1
3619,1
6213,1
3581,1
1621,1
7690,1
4243,0
2804,0
8162,1
3669,0
7188,1
2179,1
4715,1
8616,0
8991,1
4816,1
3834,1
4862,1
9266,1
6964,0
3191,1
7111,0
321,1
79,0
4139,0
2238,1
9303,1
1214,1
6413,1
3386,1
1327,0
8795,0
2091,0
6501,0
2980,0
4661,1
5017,1
5602,1
7378,1
1488,1
8389,1
110,1
3805,0
2793,0
8164,0
3281,0
6093,0
1659,1
3053,1
5251,0
2461,0
1000,1
2153,0
2030,0
689,1
4328,1
5749,0
8376,1
1108,1
8904,1
886,1
2726,1
7943,1
2945,1
2931,1
4571,0
5457,0
1733,0
8877,1
5446,1
5008,1
9002,0
5156,1
3377,0
2268,0
2230,1
9106,0
902,1
1729,1
2273,1
293,1
7256,1
5853,1
3024,0
2642,1
6620,0
7886,1
4853,1
4731,0
7246,1
9115,0
328,1
3271,0
3358,0
1412,1
6592,1
1989,1
5519,1
1219,0
7817,1
5285,0
4896,1
4479,1
1213,1
6073,1
6721,0
4129,1
1983,0
6757,0
945,1
1196,0
3059,1
9120,1
2406,1
2271,1
3095,1
779,0
4929,1
4944,1
3846,1
2576,1
8962,0
5787,0
406,0
3757,1
5159,1
2933,1
1683,0
7714,1
7259,1
8677,1
3113,1
3423,1
6013,1
172,1
2632,0
8993,0
8084,0
9306,1
7947,1
4597,1
580,1
7333,1
6916,0
5601,1
2633,1
7472,1
4169,1
8690,1
1492,1
1855,1
6182,1
6624,0
8934,1
1116,1
3307,1
1504,0
7231,1
1662,1
4957,1
6733,1
2261,0
5816,0
710,0
2485,0
238,0
1447,1
1750,0
7358,1
788,1
5823,0
4324,1
5182,0
7084,1
8872,0
6969,0
4775,1
2405,0
4732,1
2701,1
7310,0
8948,0
3941,1
8489,0
2664,1
8699,1
4256,0
5969,1
7636,0
3907,1
4745,0
6628,0
4529,1
2016,0
1331,0
9169,0
785,1
4267,1
5941,1
257,1
6674,1
4444,0
903,1
7894,1
4566,1
9098,1
3664,0
6724,1
8480,1
3871,0
1106,0
5004,1
557,1
2070,0
272,1
2219,0
5877,1
5454,1
1754,0
3071,0
625,1
6892,0
7919,0
6816,1
4263,1
1334,0
8310,1
4148,1
3746,1
3141,0
8353,1
3110,1
1124,1
8591,0
8246,0
5140,0
6612,1
5392,1
6140,1
2222,1
3276,1
4950,1
4270,1
8986,1
8942,0
8080,1
5735,1
5326,0
4742,1
8412,1
7420,0
7459,1
3707,1
9081,1
1028,1
2865,1
3384,1
451,1
4892,1
2806,1
5886,1
8742,0
5320,0
4819,1
3695,1
4437,1
954,0
3352,1
3774,1
5917,1
8530,0
6988,1
5607,0
4073,1
1557,1
3283,1
5995,1
3193,1
7763,0
547,0
6776,0
1075,0
7799,1
4276,0
3658,0
1654,1
2304,0
8873,1
5023,1
7889,1
8708,0
9279,0
7267,1
7289,0
3101,1
9322,0
2868,0
7323,0
1034,0
4767,1
1684,1
7604,1
9024,1
7807,1
4754,1
3652,1
862,0
8851,0
2622,0
3278,1
2336,1
8247,1
2669,1
1338,0
3135,1
2744,0
8417,0
1661,1
8522,1
1437,1
6404,1
7662,1
4612,0
5926,1
2301,0
4795,0
8094,1
6629,0
8134,1
3122,1
597,1
3698,1
7854,1
6720,1
3202,1
4130,1
7568,0
4638,1
5138,0
2717,0
4516,1
6169,0
6941,1
9246,0
803,0
3981,0
6236,1
5921,1
8852,1
5338,1
9114,1
2943,1
4037,1
2445,0
5028,1
5010,1
7209,1
2631,1
4859,0
8871,0
7403,0
2281,1
6648,0
8810,1
4458,0
7105,0
1378,0
4854,0
7221,1
3267,1
1759,0
7014,0
7593,1
1017,0
3579,1
219,1
6090,0
6156,0
6739,0
1715,1
8448,1
7385,0
3431,1
1695,0
2385,1
577,0
1236,1
2676,1
7427,0
872,1
4662,0
2423,1
4354,0
2360,1
3206,1
2856,1
5111,1
6626,1
4271,0
504,1
8824,1
3292,1
47,1
4048,1
2736,1
4696,0
5874,0
2276,0
5097,1
9066,0
755,1
7928,1
9128,1
1164,0
5276,1
3537,0
6693,1
9044,1
5147,0
388,0
2757,0
8749,1
3962,1
8403,1
1111,0
5416,0
4391,1
4813,0
7271,1
3120,1
4999,1
5042,1
2274,0
4681,1
8298,0
7165,1
61,1
8132,0
280,0
1500,1
7982,0
1703,0
8687,1
6020,0
9310,0
3587,1
4337,0
7580,0
3380,1
4309,1
8454,0
2146,0
5797,1
2073,0
389,1
5971,1
39,1
9077,0
4192,0
5165,0
5588,0
1598,0
1796,1
9248,0
4014,1
7635,0
3468,1
807,0
8786,1
1416,0
7181,0
2546,0
3977,0
617,1
7273,1
1672,1
4183,1
7703,1
306,0
6120,0
7152,0
4800,0
1736,1
1019,0
6737,1
6770,1
6029,0
6262,1
482,1
7991,1
7598,1
2841,1
3512,0
4085,1
5957,1
1515,1
3136,1
3874,1
2221,0
32,1
1956,1
3937,1
136,0
6857,1
2097,1
3845,1
4393,1
6190,1
5515,0
4647,1
965,0
2403,0
8992,0
6164,1
1007,1
9151,0
2536,1
6806,1
8512,1
3045,0
204,1
4416,0
2466,1
8465,1
445,1
6129,1
6394,1
9021,1
4077,0
7480,1
1473,0
8082,1
9286,0
1439,1
6702,0
5897,1
7274,1
2368,1
5890,1
7430,1
4212,0
7121,1
7766,1
4722,0
1478,1
6322,0
646,0
3115,0
4707,1
705,1
6627,1
4927,0
1087,0
8139,0
7847,1
4101,0
3097,1
8826,1
2288,0
2254,1
8424,1
495,0
7199,1
4421,1
7443,0
3925,0
1631,1
9010,1
7898,0
5951,0
3931,0
7536,0
6608,1
4218,0
6689,0
5829,0
5135,0
1873,1
6972,1
1454,1
6793,1
2903,1
3773,0
6425,1
6170,0
4291,1
8747,0
181,0
9325,1
6789,1
2118,1
2177,0
6475,0
8884,1
6582,0
4128,0
101,1
159,0
4238,0
3368,0
8268,0
213,0
1922,1
2673,1
729,0
648,1
8583,0
8769,0
8348,1
5482,0
5228,0
2513,1
9252,1
3896,1
9137,0
8833,1
589,0
5692,0
3372,0
6540,0
1974,1
3503,0
7236,1
6876,1
1068,1
3808,0
7599,0
295,0
5536,0
3580,1
9282,1
7072,0
608,1
6232,1
6031,0
2566,1
6885,0
5379,1
3517,1
7730,1
3324,0
3258,0
8291,0
6406,0
9029,0
4613,0
179,0
4428,1
3081,0
483,0
8720,0
2859,0
1642,1
5810,0
245,1
8536,0
2212,0
6804,0
17,0
6256,1
8040,0
8029,0
6271,0
5668,0
1306,0
9149,0
1381,0
2902,0
9082,0
2826,0
2766,1
6095,1
8007,1
4372,0
5888,1
4969,0
3359,1
3935,0
4478,0
7399,0
1305,0
5134,1
8729,1
3114,1
2657,0
72,1
5492,1
7675,1
8475,1
612,0
3928,1
2887,0
6667,1
5396,0
1052,0
880,0
4540,1
164,0
6416,1
7673,0
7187,1
8674,1
6448,0
2520,1
1603,0
5752,0
354,0
4771,1
3489,0
910,1
8585,0
7796,0
1809,1
4601,1
3213,0
3607,0
5543,1
33,0
3376,1
2985,1
3782,1
7578,1
5771,0
8136,1
2489,0
6075,1
7299,0
6509,1
8807,1
1579,0
2511,1
8558,0
2638,0
8772,1
5653,1
4974,0
3192,1
113,1
5578,0
640,0
5992,1
6187,1
8222,1
5214,1
4660,1
3878,0
9092,0
8711,0
1242,1
7156,1
4399,1
5298,1
7490,1
6491,0
4930,1
6277,1
4319,0
4555,1
6912,0
6360,0
7379,1
7615,0
8952,1
3963,0
3077,0
6258,0
565,1
283,0
1834,0
6329,1
3520,1
7556,1
8701,0
132,0
3264,1
1256,0
3023,1
4162,0
7228,0
4201,1
8653,0
1423,0
7784,0
6409,0
1558,1
9294,1
7092,0
6184,0
7711,0
3486,0
5128,1
348,0
8775,0
9292,1
5278,0
3154,0
6469,1
6077,1
1890,1
5843,0
6896,0
4904,0
3804,1
4449,1
6868,0
9267,0
6788,0
9037,0
4834,1
6002,0
1375,0
7840,1
5795,1
5306,1
6161,0
9135,0
9086,1
5096,0
799,1
7496,0
8449,0
1056,0
8573,1
6801,1
7234,1
760,0
7421,1
153,0
9228,0
6894,1
1786,0
8694,1
4563,0
6234,0
1537,0
564,0
4249,1
8112,0
1764,1
6028,1
6466,1
8542,0
7197,0
1516,0
8191,0
8386,1
5761,1
4502,0
525,1
3131,1
6444,1
6999,1
2017,1
4076,1
2420,1
3504,0
7080,0
8739,0
5217,0
3901,0
3952,0
6082,0
1260,1
8963,1
3591,1
8395,0
8598,1
6226,1
3634,0
5860,0
5441,1
8803,1
6644,0
2792,1
7687,1
606,0
9064,0
6131,1
6415,1
441,0
6434,0
1702,1
2540,1
592,0
5813,1
9055,1
5149,1
6659,1
2176,0
7813,0
235,1
8179,0
814,0
3788,0
5928,0
7587,1
1682,1
8722,1
2914,0
7063,1
2081,0
3522,0
362,1
6543,0
3552,0
7775,1
3860,1
3381,1
98,1
6006,0
4209,1
8523,1
2300,0
8939,1
8168,1
5595,0
4986,1
1641,0
3162,1
4520,1
475,0
3968,1
3583,0
7941,0
3526,1
244,1
7979,1
5219,1
103,1
5983,0
3847,0
218,0
8444,0
8458,0
8464,1
7262,0
5842,1
6162,0
8784,1
8220,0
7988,0
717,1
7880,0
5337,0
7079,0
4542,0
1643,1
2266,1
528,1
7211,1
645,0
9324,1
8521,0
1268,1
6767,1
4010,1
3417,1
5714,0
6643,0
2510,0
6065,0
5449,0
7040,1
3392,1
9022,0
6663,0
2298,1
7879,1
8242,0
7956,1
3055,1
7448,0
4526,1
3898,1
1921,1
253,0
6378,1
9050,0
7488,0
1266,0
1668,1
1421,0
2944,1
1322,1
6805,0
2644,0
7664,0
6495,1
6696,1
6874,0
884,1
6889,1
679,1
1863,0
4650,1
6557,0
3462,0
5164,0
5235,0
5577,1
4740,1
3854,1
4527,1
2376,0
2130,1
6305,1
2078,1
6645,1
6897,0
6432,0
9042,0
535,1
4734,0
6729,1
7651,0
3949,0
1207,1
8387,1
5203,1
4642,1
5289,1
9301,0
2353,1
6763,1
2131,1
2636,1
7235,0
2855,0
9167,0
256,1
7058,1
135,1
7935,0
178,0
4539,0
5945,1
9296,0
1766,0
1278,1
673,0
7900,1
5557,0
6390,0
6931,1
1285,0
5820,0
4250,0
109,0
4887,0
1292,1
2552,0
6854,1
1269,0
413,0
1541,1
199,1
7584,1
3685,0
5807,0
8483,0
8916,0
2877,1
4293,1
2042,1
6994,0
6412,0
3200,1
7969,0
5844,0
7725,0
2234,1
7429,0
7793,0
2707,1
4708,0
2381,1
6104,1
8290,0
6476,1
4810,0
6602,0
1420,1
7756,1
5728,1
8267,1
8332,1
4844,1
7503,0
1550,1
3778,0
1927,0
1394,0
1008,0
1586,0
7302,1
4226,1
5872,1
8471,0
1993,1
4081,0
545,0
5445,0
5580,1
8372,1
4470,1
8337,1
8087,0
2612,1
192,1
7524,1
1926,1
566,0
4945,1
70,1
2305,1
7764,1
7983,1
4094,1
5812,1
7591,1
2646,1
3596,1
7404,0
8261,0
5744,0
7376,0
5534,1
3644,1
4915,1
5207,1
963,0
8037,1
5464,0
7025,1
6564,0
2974,1
543,1
302,1
588,0
2512,1
1533,1
8443,1
90,0
4962,1
5101,1
5325,0
7066,1
7808,1
8260,1
5677,1
3343,0
1195,0
6617,0
8611,0
1328,0
4288,1
1769,1
2225,0
5438,0
454,1
8259,1
2922,0
503,0
1177,1
2424,1
8041,1
9060,1
163,1
932,1
7923,1
1502,1
7077,1
6328,1
5592,1
6736,1
844,0
6819,1
6036,0
9162,1
4714,1
1139,1
4197,1
3252,1
6498,1
5495,0
4080,0
7216,1
6451,1
676,1
4850,0
7998,0
7051,1
3184,1
7164,1
3171,1
6746,1
9143,0
8524,0
7458,0
1020,0
1030,1
7255,0
938,1
6114,0
4445,0
8783,0
370,1
10,1
2282,1
91,0
8137,1
1836,1
6510,1
8680,1
3088,0
3476,0
5218,1
5615,1
387,1
133,0
7685,1
3829,0
2761,1
4840,0
2391,1
5702,0
1524,1
3636,0
1730,0
1472,1
7513,1
2220,0
6126,1
584,0
8689,1
8460,0
4071,0
849,0
3243,0
9124,0
5264,1
2624,1
7771,1
1963,0
5708,1
1970,0
5493,0
8397,1
7694,1
3661,1
2846,1
1223,1
4368,1
4883,0
3073,0
1538,0
8227,0
692,0
5357,0
6499,0
310,0
867,1
2947,1
6172,1
4251,1
1128,0
5773,0
5481,1
3390,0
8413,1
3266,1
3999,1
542,0
8283,1
6650,1
5779,1
4068,0
7516,1
6727,1
4204,0
3888,0
515,0
8518,1
1990,1
6516,1
7655,1
5657,0
6274,1
4900,0
3091,0
3228,1
7128,0
2051,1
7100,1
3345,0
6933,0
3940,0
4110,1
261,1
7901,0
982,0
9264,0
1380,0
1051,0
2237,0
3429,1
5044,0
3050,1
6616,1
7695,1
2351,0
6531,0
5317,0
1227,0
2611,1
639,1
7093,0
3865,0
5300,1
7314,0
2833,1
184,0
610,1
6956,1
7876,1
6015,0
3212,1
7049,1
6884,1
6393,0
5395,1
1648,0
5062,1
7219,0
486,1
4103,1
3902,0
8330,1
5994,1
2211,0
5173,1
5484,1
7335,1
8306,0
5600,1
4692,1
6245,1
2053,0
7641,1
165,0
5830,1
5613,1
1924,0
5981,1
2286,1
6595,0
2390,1
3891,0
6841,1
4380,0
4463,1
5087,0
9069,0
6012,1
7285,0
2940,1
5356,1
7610,0
7878,1
5327,0
8947,0
684,0
8601,1
6568,0
6673,0
1714,1
2990,0
41,0
4773,1
1157,0
3728,1
2436,1
8024,0
4569,1
8329,0
5291,1
5648,1
912,1
848,0
1080,0
2924,0
6068,0
1765,1
534,0
2741,0
8305,1
1782,0
8673,1
7627,0
4299,1
4433,1
616,0
7603,1
1783,1
6370,1
13,0
3930,1
7746,1
243,1
1065,0
2534,0
4702,1
4307,0
3570,1
2583,1
8209,0
781,1
7527,0
4643,1
4370,1
4351,1
7588,1
5609,0
8090,1
949,0
7827,1
934,1
8416,1
2096,1
8181,0
6810,0
657,1
4570,1
5846,0
5533,0
8605,0
6483,1
5864,1
3205,0
363,0
3190,1
6827,0
4735,1
182,1
5497,0
3729,0
7871,1
447,0
4906,0
5311,0
3406,1
5785,0
4768,1
5987,0
7022,1
2523,1
5473,0
5938,1
6940,0
8819,1
5221,0
6238,0
6165,1
714,0
5949,1
6335,1
425,1
8830,0
1183,0
6638,1
8614,0
3870,0
2581,1
2243,0
4886,0
5520,0
1142,1
3470,1
4982,1
3777,0
554,1
2730,1
8545,0
2742,0
4317,1
7601,1
3000,1
1982,0
3589,0
7070,1
6419,0
1023,1
7995,1
1937,0
1304,1
3129,1
9219,1
9078,1
3426,1
2159,1
5685,0
8750,1
937,1
995,1
8874,0
2537,0
4839,0
918,1
3600,0
3420,1
3771,1
4575,1
2703,1
1931,1
915,0
8836,1
8744,1
9284,1
3300,1
4758,1
7239,0
8567,0
7479,1
8858,1
4304,1
4869,0
3223,1
5996,1
2000,1
437,0
4838,1
4061,1
2326,1
6191,1
9318,0
7779,1
575,0
7518,1
2302,1
753,0
4074,1
8890,1
6072,1
7463,0
6971,1
3659,1
5077,1
2193,1
2367,0
8131,0
3402,0
7206,1
8408,0
3385,1
2643,1
1026,1
1170,0
1184,1
5930,1
5013,1
6748,1
7347,1
4902,0
5880,0
262,1
4411,1
2217,0
333,1
9034,1
2294,1
4285,0
2469,0
947,0
1173,1
8384,1
1567,1
4425,1
6387,0
7719,1
1688,0
4443,1
9229,1
894,1
7441,0
7138,1
6418,1
2359,0
3092,0
7494,0
1452,1
3779,1
7407,1
1309,1
5664,0
6974,1
105,1
2210,1
8565,1
8141,1
7454,0
5662,0
6251,0
3536,1
1508,0
4847,0
2308,1
6217,1
3836,0
2784,0
1484,1
5033,1
2885,0
6791,1
7590,1
6300,1
4242,1
8000,1
660,0
8937,0
8375,0
6662,0
7757,0
2196,1
8233,1
5175,0
6755,1
1510,1
6130,0
8022,1
4254,0
3344,1
4186,1
6749,0
6850,0
3001,1
4217,1
4422,1
3230,0
2831,0
556,0
3151,0
731,0
7297,1
9231,0
3237,1
3740,1
4376,0
6512,0
5141,1
7709,1
3479,0
8441,1
2556,1
1432,1
5540,1
4710,1
1561,1
4562,1
5222,1
1011,1
6635,1
1351,1
3291,1
7227,0
3982,0
1031,0
7184,0
702,0
194,0
7500,1
3032,1
5629,1
885,0
6316,0
7986,0
8767,1
5591,1
4320,0
8396,1
6524,1
3630,0
3256,0
6740,1
2258,1
3322,0
4818,0
5654,1
4216,1
2379,1
703,1
7903,0
8580,1
5227,0
9258,1
667,0
76,1
3361,1
2995,1
5982,0
8126,1
4191,0
2953,1
2067,1
8385,0
7670,1
428,1
4112,1
2530,1
6705,1
8792,0
1804,1
4042,1
5674,0
7016,1
9100,0
5861,1
1854,0
31,1
8070,1
8435,1
5084,0
1286,0
452,1
5743,1
983,1
3072,0
2439,0
9214,1
6822,1
796,0
5801,1
5199,0
3920,1
3245,1
9288,0
6488,1
6598,0
2387,0
1755,1
2535,1
2322,0
6417,0
1552,1
6401,0
2052,1
6963,1
6754,0
5378,1
6647,0
1973,1
3518,1
5420,1
4348,1
4414,1
747,0
2542,0
5299,1
1874,1
6389,1
7563,0
4377,0
2056,1
6379,1
3533,0
8452,1
6982,0
520,0
3872,1
7449,1
1606,1
6054,1
8801,0
5280,1
2025,1
4877,0
2206,1
6960,0
6033,0
5736,0
20,1
2154,0
8130,0
4481,1
160,1
5432,0
35,0
9225,1
4154,0
1372,1
4809,0
2039,1
6083,1
8778,1
856,1
4627,0
7492,1
3298,1
4369,1
8158,1
926,0
461,0
6955,1
6697,1
4486,0
8088,0
6341,0
895,1
7788,1
1300,0
1072,0
2255,1
349,1
3983,0
5148,1
4943,1
2845,0
5447,0
1032,1
9159,0
8905,0
2525,1
22,1
5972,1
4025,0
6843,1
4812,1
5605,0
8381,1
1370,0
4576,0
6706,0
661,1
8624,1
874,1
3759,0
3913,1
2171,1
5059,0
9217,1
590,1
4632,1
9113,0
8284,0
2515,1
7549,1
9047,0
51,1
